Dept.,Course,Start Date,Start Time,Duration (Mins),End Date,End Time,Location,Availability
AFRI,AFRI 1001 A,Dec-11-2024,09:00,120,Dec-11-2024,11:00,FH,Fixed Duration
AFRI,AFRI 2003 A,Dec-16-2024,09:00,180,Dec-16-2024,12:00,TB 202,Fixed Duration
ARCH,ARCC 2202 A,Dec-12-2024,14:00,180,Dec-12-2024,17:00,FH,Fixed Duration
ARCH,ARCC 5096 F,Dec-12-2024,14:00,180,Dec-12-2024,17:00,FH,Fixed Duration
ARCH,ARCC 5100 F,Dec-12-2024,09:00,120,Dec-12-2024,11:00,AA 204,Fixed Duration
ARCH,ARCH 2006 A,Dec-9-2024,10:00,90,Dec-9-2024,17:00,ON LINE,Fixed Within Range
ARTC,ARTH 1100 A,Dec-11-2024,14:00,120,Dec-11-2024,16:00,RB 2200,Fixed Duration
ARTC,ARTH 1200 A,Dec-16-2024,19:00,120,Dec-16-2024,21:00,RB 2200,Fixed Duration
ARTC,ARTH 2002 A,Dec-18-2024,09:00,120,Dec-18-2024,11:00,SP 100,Fixed Duration
ARTC,ARTH 2404 A,Dec-20-2024,19:00,180,Dec-20-2024,22:00,AT 101,Fixed Duration
ARTC,ARTH 3102 A,Dec-17-2024,09:00,120,Dec-17-2024,11:00,NN 231,Fixed Duration
ARTC,FILM 2401 A,Dec-15-2024,19:00,180,Dec-15-2024,22:00,TB 236,Fixed Duration
ARTC,MUSI 1000 A,Dec-16-2024,14:00,180,Dec-16-2024,17:00,NN 182,Fixed Duration
ARTC,MUSI 1002 A,Dec-11-2024,09:00,180,Dec-11-2024,12:00,AH,Fixed Duration
ARTC,MUSI 1107 A,Dec-13-2024,09:00,180,Dec-13-2024,12:00,LA A900,Fixed Duration
ARTC,MUSI 1700 A,Dec-19-2024,14:00,180,Dec-19-2024,17:00,LA A900,Fixed Duration
ARTC,MUSI 2005 A,Dec-14-2024,09:00,240,Dec-14-2024,13:00,LA A900,Fixed Duration
ARTC,MUSI 2700 A,Dec-19-2024,09:00,120,Dec-19-2024,11:00,LA A900,Fixed Duration
ARTC,MUSI 2710 A,Dec-17-2024,14:00,120,Dec-17-2024,16:00,LA A900,Fixed Duration
ARTC,MUSI 3201 A,Dec-17-2024,09:00,180,Dec-17-2024,12:00,LA A900,Fixed Duration
ARTC,MUSI 3701 A,Dec-12-2024,09:00,240,Dec-12-2024,13:00,LA A900,Fixed Duration
ARTC,MUSI 4201 A,Dec-16-2024,09:00,180,Dec-16-2024,12:00,LA A900,Fixed Duration
BIOC,BIOC 2200 A,Dec-12-2024,14:00,180,Dec-12-2024,17:00,AH,Fixed Duration
BIOC,BIOC 2300 A,Dec-13-2024,14:00,180,Dec-13-2024,17:00,TB 208,Fixed Duration
BIOC,BIOC 3101 A,Dec-13-2024,09:00,180,Dec-13-2024,12:00,AT 101,Fixed Duration
BIOL,BIOL 1103 A,Dec-10-2024,14:00,180,Dec-10-2024,17:00,ON LINE,Fixed Duration
BIOL,BIOL 1103 B,Dec-10-2024,14:00,180,Dec-10-2024,17:00,ON LINE,Fixed Duration
BIOL,BIOL 1105 A,Dec-19-2024,20:00,120,Dec-20-2024,20:00,ON LINE,Fixed Within Range
BIOL,BIOL 1902 R,Dec-16-2024,09:00,150,Dec-16-2024,11:30,ON LINE,Fixed Duration
BIOL,BIOL 2002 A,Dec-16-2024,14:00,180,Dec-16-2024,17:00,FH,Fixed Duration
BIOL,BIOL 2005 A,Dec-19-2024,19:00,120,Dec-19-2024,21:00,ON LINE,Fixed Duration
BIOL,BIOL 2200 A,Dec-12-2024,14:00,180,Dec-12-2024,17:00,AH,Fixed Duration
BIOL,BIOL 2201 A,Dec-14-2024,09:00,120,Dec-14-2024,11:00,ON LINE,Fixed Duration
BIOL,BIOL 2600 A,Dec-14-2024,14:00,180,Dec-14-2024,17:00,AH,Fixed Duration
BIOL,BIOL 3004 A,Dec-18-2024,14:00,180,Dec-18-2024,17:00,AT 302,Fixed Duration
BIOL,BIOL 3102 A,Dec-9-2024,09:00,180,Dec-9-2024,12:00,AT 101,Fixed Duration
BIOL,BIOL 3104 A,Dec-20-2024,09:00,180,Dec-20-2024,12:00,AH,Fixed Duration
BIOL,BIOL 3112 A,Dec-13-2024,14:00,120,Dec-13-2024,16:00,NN 180,Fixed Duration
BIOL,BIOL 3201 A,Dec-16-2024,09:00,180,Dec-16-2024,12:00,AH,Fixed Duration
BIOL,BIOL 3305 A,Dec-17-2024,09:00,180,Dec-17-2024,12:00,FH,Fixed Duration
BIOL,BIOL 3306 A,Dec-15-2024,09:00,180,Dec-15-2024,12:00,AH,Fixed Duration
BIOL,BIOL 3604 A,Dec-12-2024,14:00,120,Dec-12-2024,16:00,FH,Fixed Duration
BIOL,BIOL 4008 A,Dec-16-2024,09:00,90,Dec-16-2024,10:30,TB 217,Fixed Duration
BIT,BIT 1000 A,Dec-19-2024,09:00,180,Dec-19-2024,12:00,FH,Fixed Duration
BIT,BIT 1100 A,Dec-9-2024,14:00,180,Dec-9-2024,17:00,NN 282,Fixed Duration
BIT,BIT 1101 A,Dec-16-2024,14:00,180,Dec-16-2024,17:00,FH,Fixed Duration
BIT,BIT 1200 A,Dec-18-2024,14:00,180,Dec-18-2024,17:00,FH,Fixed Duration
BIT,BIT 1203 A,Dec-19-2024,14:00,180,Dec-19-2024,17:00,AH,Fixed Duration
BIT,BIT 1400 A,Dec-16-2024,14:00,180,Dec-16-2024,17:00,FH,Fixed Duration
BIT,BIT 2001 A,Dec-20-2024,09:00,180,Dec-20-2024,12:00,AH,Fixed Duration
BIT,BIT 2008 A,Dec-12-2024,09:00,180,Dec-12-2024,12:00,AH,Fixed Duration
BIT,BIT 2010 A,Dec-18-2024,09:00,180,Dec-18-2024,12:00,TB 202,Fixed Duration
BIT,BIT 2400 A,Dec-13-2024,14:00,180,Dec-13-2024,17:00,AP 134,Fixed Duration
BIT,IMD 1000 A,Dec-13-2024,14:00,120,Dec-13-2024,16:00,AH,Fixed Duration
BIT,IMD 4008 A,Dec-11-2024,09:00,180,Dec-11-2024,12:00,TB 217,Fixed Duration
BIT,IRM 1005 A,Dec-18-2024,09:00,180,Dec-18-2024,12:00,FH,Fixed Duration
BIT,IRM 1007 A,Dec-13-2024,09:00,120,Dec-13-2024,11:00,FH,Fixed Duration
BIT,IRM 1008 A,Dec-9-2024,14:00,120,Dec-9-2024,16:00,AT 302,Fixed Duration
BIT,IRM 2005 A,Dec-16-2024,09:00,120,Dec-16-2024,11:00,AT 302,Fixed Duration
BIT,IRM 3006 A,Dec-19-2024,14:00,60,Dec-19-2024,15:00,AH,Fixed Duration
BIT,ITEC 1005 A,Dec-18-2024,09:00,180,Dec-18-2024,12:00,FH,Fixed Duration
BIT,ITEC 1100 A,Dec-13-2024,14:00,120,Dec-13-2024,16:00,AH,Fixed Duration
BIT,ITEC 2000 A,Dec-12-2024,09:00,180,Dec-12-2024,12:00,AH,Fixed Duration
BIT,ITEC 2400 A,Dec-13-2024,14:00,180,Dec-13-2024,17:00,AP 134,Fixed Duration
BIT,ITEC 2401 A,Dec-17-2024,14:00,180,Dec-17-2024,17:00,AP 134,Fixed Duration
BIT,ITEC 5111 F,Dec-12-2024,14:00,90,Dec-12-2024,15:30,FH,Fixed Duration
BIT,ITEC 5114 F,Dec-20-2024,14:00,90,Dec-20-2024,15:30,TB 230,Fixed Duration
BIT,NET 1001 A,Dec-12-2024,14:00,120,Dec-12-2024,16:00,AT 302,Fixed Duration
BIT,NET 1002 A,Dec-10-2024,09:00,150,Dec-10-2024,11:30,AT 101,Fixed Duration
BIT,NET 2000 A,Dec-10-2024,09:00,60,Dec-10-2024,10:00,HS 1301,Fixed Duration
BIT,NET 2008 A,Dec-13-2024,09:00,150,Dec-13-2024,11:30,HS 1301,Fixed Duration
BIT,NET 2010 A,Dec-11-2024,14:00,90,Dec-11-2024,15:30,AT 301,Fixed Duration
BIT,NET 3000 A,Dec-12-2024,09:00,180,Dec-12-2024,12:00,AT 301,Fixed Duration
BIT,NET 3004 A,Dec-16-2024,14:00,120,Dec-16-2024,16:00,FH,Fixed Duration
BIT,NET 3007 A,Dec-13-2024,14:00,180,Dec-13-2024,17:00,AT 302,Fixed Duration
BIT,NET 3008 A,Dec-10-2024,09:00,150,Dec-10-2024,11:30,NI 3020,Fixed Duration
BIT,NET 4001 A,Dec-9-2024,09:00,120,Dec-9-2024,11:00,AP 134,Fixed Duration
BIT,NET 4005 A,Dec-18-2024,14:00,90,Dec-18-2024,15:30,HS 1301,Fixed Duration
BIT,NET 4007 A,Dec-12-2024,14:00,90,Dec-12-2024,15:30,FH,Fixed Duration
BIT,NET 4009 A,Dec-10-2024,14:00,60,Dec-10-2024,15:00,AT 301,Fixed Duration
BIT,OSS 1006 A,Dec-12-2024,14:00,120,Dec-12-2024,16:00,ML 153,Fixed Duration
BIT,OSS 2001 A,Dec-16-2024,14:00,120,Dec-16-2024,16:00,TB 236,Fixed Duration
BIT,OSS 2005 A,Dec-9-2024,09:00,120,Dec-9-2024,11:00,TB 236,Fixed Duration
BIT,OSS 2008 A,Dec-13-2024,14:00,120,Dec-13-2024,16:00,NI 4020,Fixed Duration
BIT,OSS 2009 A,Dec-11-2024,14:00,120,Dec-11-2024,16:00,TB 202,Fixed Duration
BIT,OSS 3000 A,Dec-20-2024,14:00,120,Dec-20-2024,16:00,TB 446,Fixed Duration
BIT,OSS 3003 A,Dec-10-2024,14:00,180,Dec-10-2024,17:00,TB 210,Fixed Duration
BIT,OSS 3004 A,Dec-16-2024,14:00,120,Dec-16-2024,16:00,FH,Fixed Duration
BIT,OSS 3012 A,Dec-13-2024,14:00,180,Dec-13-2024,17:00,TB 447,Fixed Duration
BIT,OSS 4001 A,Dec-20-2024,14:00,120,Dec-20-2024,16:00,NN 282,Fixed Duration
BIT,OSS 4006 A,Dec-13-2024,14:00,180,Dec-13-2024,17:00,TB 230,Fixed Duration
BIT,OSS 4008 A,Dec-10-2024,09:00,90,Dec-10-2024,10:30,TB 202,Fixed Duration
BUSI,BUSI 1001 R,Dec-13-2024,09:00,180,Dec-13-2024,12:00,NI 4010,Fixed Duration
BUSI,BUSI 1002 R,Dec-16-2024,14:00,180,Dec-16-2024,17:00,AH,Fixed Duration
BUSI,BUSI 1003 A,Dec-14-2024,14:00,120,Dec-14-2024,16:00,AH,Fixed Duration
BUSI,BUSI 1004 A,Dec-16-2024,14:00,180,Dec-16-2024,17:00,FH,Fixed Duration
BUSI,BUSI 1005 A,Dec-16-2024,14:00,180,Dec-16-2024,17:00,AH,Fixed Duration
BUSI,BUSI 1401 A,Dec-10-2024,14:00,180,Dec-10-2024,17:00,AH,Fixed Duration
BUSI,BUSI 1401 B,Dec-10-2024,14:00,180,Dec-10-2024,17:00,AH,Fixed Duration
BUSI,BUSI 1401 C,Dec-10-2024,14:00,180,Dec-10-2024,17:00,AH,Fixed Duration
BUSI,BUSI 1401 D,Dec-10-2024,14:00,180,Dec-10-2024,17:00,AH,Fixed Duration
BUSI,BUSI 1800 A,Dec-19-2024,09:00,180,Dec-19-2024,12:00,AH,Fixed Duration
BUSI,BUSI 1800 B,Dec-19-2024,09:00,180,Dec-19-2024,12:00,AH,Fixed Duration
BUSI,BUSI 1800 C,Dec-19-2024,09:00,180,Dec-19-2024,12:00,AH,Fixed Duration
BUSI,BUSI 2001 A,Dec-20-2024,09:00,180,Dec-20-2024,12:00,HS 1301,Fixed Duration
BUSI,BUSI 2001 R,Dec-20-2024,09:00,180,Dec-20-2024,12:00,HS 1301,Fixed Duration
BUSI,BUSI 2002 A,Dec-16-2024,14:00,180,Dec-16-2024,17:00,NI 4010,Fixed Duration
BUSI,BUSI 2101 A,Dec-18-2024,14:00,180,Dec-18-2024,17:00,AH,Fixed Duration
BUSI,BUSI 2121 A,Dec-19-2024,19:00,180,Dec-19-2024,22:00,NI 4010,Fixed Duration
BUSI,BUSI 2204 A,Dec-17-2024,09:00,180,Dec-17-2024,12:00,HS 1301,Fixed Duration
BUSI,BUSI 2208 A,Dec-18-2024,09:00,150,Dec-18-2024,11:30,NI 4010,Fixed Duration
BUSI,BUSI 2208 B,Dec-18-2024,09:00,150,Dec-18-2024,11:30,HS 1301,Fixed Duration
BUSI,BUSI 2208 C,Dec-18-2024,09:00,150,Dec-18-2024,11:30,HS 1301,Fixed Duration
BUSI,BUSI 2301 A,Dec-10-2024,09:00,150,Dec-10-2024,11:30,FH,Fixed Duration
BUSI,BUSI 2301 B,Dec-14-2024,19:00,180,Dec-14-2024,22:00,ON LINE,Fixed Duration
BUSI,BUSI 2301 C,Dec-14-2024,19:00,180,Dec-14-2024,22:00,ON LINE,Fixed Duration
BUSI,BUSI 2401 A,Dec-11-2024,14:00,120,Dec-11-2024,16:00,NI 3020,Fixed Duration
BUSI,BUSI 2401 A,Dec-11-2024,14:00,120,Dec-11-2024,16:00,NI 3030,Fixed Duration
BUSI,BUSI 2401 B,Dec-11-2024,14:00,120,Dec-11-2024,16:00,NI 4010,Fixed Duration
BUSI,BUSI 2401 C,Dec-11-2024,14:00,120,Dec-11-2024,16:00,NI 4020,Fixed Duration
BUSI,BUSI 2401 C,Dec-11-2024,14:00,120,Dec-11-2024,16:00,NI 5010,Fixed Duration
BUSI,BUSI 2402 A,Dec-20-2024,09:00,180,Dec-20-2024,12:00,NI 4010,Fixed Duration
BUSI,BUSI 2501 A,Dec-17-2024,14:00,180,Dec-17-2024,17:00,AT 102,Fixed Duration
BUSI,BUSI 2503 R,Dec-11-2024,09:00,180,Dec-11-2024,12:00,AH,Fixed Duration
BUSI,BUSI 2505 A,Dec-19-2024,09:00,180,Dec-19-2024,12:00,NI 3030,Fixed Duration
BUSI,BUSI 2506 A,Dec-15-2024,09:00,180,Dec-15-2024,12:00,NI 4050,Fixed Duration
BUSI,BUSI 2601 A,Dec-20-2024,19:00,120,Dec-20-2024,21:00,FH,Fixed Duration
BUSI,BUSI 2702 A,Dec-12-2024,14:00,,Dec-19-2024,14:00,ON LINE,Range
BUSI,BUSI 3001 R,Dec-17-2024,09:00,180,Dec-17-2024,12:00,NI 4010,Fixed Duration
BUSI,BUSI 3005 A,Dec-11-2024,09:00,180,Dec-11-2024,12:00,NI 4010,Fixed Duration
BUSI,BUSI 3005 B,Dec-11-2024,09:00,180,Dec-11-2024,12:00,NI 4010,Fixed Duration
BUSI,BUSI 3007 A,Dec-12-2024,14:00,180,Dec-12-2024,17:00,NI 4010,Fixed Duration
BUSI,BUSI 3007 B,Dec-12-2024,14:00,180,Dec-12-2024,17:00,NI 4010,Fixed Duration
BUSI,BUSI 3008 A,Dec-14-2024,19:00,180,Dec-14-2024,22:00,AT 301,Fixed Duration
BUSI,BUSI 3040 A,Dec-9-2024,09:00,180,Dec-9-2024,12:00,RB 2308,Fixed Duration
BUSI,BUSI 3040 A,Dec-9-2024,09:00,180,Dec-9-2024,12:00,RB 2311,Fixed Duration
BUSI,BUSI 3040 A,Dec-9-2024,09:00,180,Dec-9-2024,12:00,RB 3320,Fixed Duration
BUSI,BUSI 3102 A,Dec-9-2024,14:00,120,Dec-9-2024,16:00,AH,Fixed Duration
BUSI,BUSI 3102 B,Dec-9-2024,14:00,120,Dec-9-2024,16:00,AH,Fixed Duration
BUSI,BUSI 3102 D,Dec-9-2024,14:00,120,Dec-9-2024,16:00,AH,Fixed Duration
BUSI,BUSI 3103 A,Dec-18-2024,14:00,120,Dec-18-2024,16:00,AH,Fixed Duration
BUSI,BUSI 3103 B,Dec-18-2024,14:00,120,Dec-18-2024,16:00,AH,Fixed Duration
BUSI,BUSI 3103 C,Dec-18-2024,14:00,120,Dec-18-2024,16:00,AH,Fixed Duration
BUSI,BUSI 3103 D,Dec-18-2024,14:00,90,Dec-18-2024,15:30,ON LINE,Fixed Duration
BUSI,BUSI 3106 A,Dec-12-2024,14:00,120,Dec-12-2024,16:00,AH,Fixed Duration
BUSI,BUSI 3400 A,Dec-10-2024,14:00,180,Dec-10-2024,17:00,ON LINE,Fixed Duration
BUSI,BUSI 3405 A,Dec-16-2024,19:00,180,Dec-16-2024,22:00,TB 236,Fixed Duration
BUSI,BUSI 3406 A,Dec-13-2024,09:00,180,Dec-13-2024,12:00,NI 4050,Fixed Duration
BUSI,BUSI 3500 A,Dec-13-2024,14:00,180,Dec-13-2024,17:00,HS 1301,Fixed Duration
BUSI,BUSI 3502 A,Dec-16-2024,14:00,180,Dec-16-2024,17:00,AT 301,Fixed Duration
BUSI,BUSI 3512 A,Dec-17-2024,14:00,180,Dec-17-2024,17:00,AH,Fixed Duration
BUSI,BUSI 3600 A,Dec-11-2024,19:00,180,Dec-11-2024,22:00,AT 102,Fixed Duration
BUSI,BUSI 4005 A,Dec-13-2024,19:00,180,Dec-13-2024,22:00,NI 3020,Fixed Duration
BUSI,BUSI 4008 R,Dec-19-2024,09:00,180,Dec-19-2024,12:00,FH,Fixed Duration
BUSI,BUSI 4129 A,Dec-20-2024,14:00,180,Dec-20-2024,17:00,NI 4010,Fixed Duration
BUSI,BUSI 4510 A,Dec-20-2024,14:00,180,Dec-20-2024,17:00,TB 447,Fixed Duration
BUSI,BUSI 4511 A,Dec-18-2024,09:00,180,Dec-18-2024,12:00,TB 238,Fixed Duration
BUSI,BUSI 4601 A,Dec-12-2024,09:00,180,Dec-12-2024,12:00,AH,Fixed Duration
BUSI,BUSI 4601 B,Dec-12-2024,09:00,180,Dec-12-2024,12:00,AH,Fixed Duration
BUSI,BUSI 4601 C,Dec-12-2024,09:00,180,Dec-12-2024,12:00,AH,Fixed Duration
BUSI,BUSI 4608 A,Dec-14-2024,19:00,120,Dec-14-2024,21:00,AT 101,Fixed Duration
BUSI,BUSI 4717 A,Dec-16-2024,09:00,180,Dec-16-2024,12:00,NI 3020,Fixed Duration
BUSI,MGMT 5129 A,Dec-20-2024,14:00,180,Dec-20-2024,17:00,NI 4010,Fixed Duration
CHEM,CHEM 1001 A,Dec-12-2024,09:00,180,Dec-12-2024,12:00,FH,Fixed Duration
CHEM,CHEM 1001 B,Dec-12-2024,09:00,180,Dec-12-2024,12:00,FH,Fixed Duration
CHEM,CHEM 1001 E,Dec-12-2024,09:00,180,Dec-12-2024,12:00,FH,Fixed Duration
CHEM,CHEM 1011 A,Dec-12-2024,09:00,180,Dec-12-2024,12:00,TB 236,Fixed Duration
CHEM,CHEM 1101 A,Dec-18-2024,09:00,180,Dec-18-2024,12:00,FH,Fixed Duration
CHEM,CHEM 1101 B,Dec-18-2024,09:00,180,Dec-18-2024,12:00,FH,Fixed Duration
CHEM,CHEM 2103 A,Dec-16-2024,14:00,180,Dec-16-2024,17:00,TB 202,Fixed Duration
CHEM,CHEM 2203 A,Dec-11-2024,14:00,180,Dec-11-2024,17:00,FH,Fixed Duration
CHEM,CHEM 2207 A,Dec-11-2024,14:00,180,Dec-11-2024,17:00,FH,Fixed Duration
CHEM,CHEM 2302 A,Dec-18-2024,09:00,180,Dec-18-2024,12:00,AT 302,Fixed Duration
CHEM,CHEM 3101 A,Dec-20-2024,14:00,180,Dec-20-2024,17:00,NN 280,Fixed Duration
CHEM,CHEM 3201 A,Dec-11-2024,14:00,180,Dec-11-2024,17:00,AT 102,Fixed Duration
CHEM,CHEM 3503 A,Dec-10-2024,09:00,180,Dec-10-2024,12:00,TB 230,Fixed Duration
CHEM,CHEM 3507 A,Dec-10-2024,09:00,180,Dec-10-2024,12:00,TB 230,Fixed Duration
CHEM,CHEM 4207 A,Dec-16-2024,14:00,180,Dec-16-2024,17:00,TB 217,Fixed Duration
CHEM,CHEM 5010 A,Dec-16-2024,14:00,180,Dec-16-2024,17:00,TB 217,Fixed Duration
CHEM,FOOD 2001 A,Dec-17-2024,09:00,120,Dec-17-2024,11:00,AT 301,Fixed Duration
CHEM,FOOD 2003 A,Dec-11-2024,09:00,180,Dec-11-2024,12:00,TB 208,Fixed Duration
CIE,FYSM 1900 C,Dec-13-2024,09:00,180,Dec-13-2024,12:00,AT 301,Fixed Duration
CIE,FYSM 1900 H,Dec-13-2024,09:00,180,Dec-13-2024,12:00,AT 301,Fixed Duration
CIVE,ACSE 2001 A,Dec-14-2024,19:00,180,Dec-14-2024,22:00,AH,Fixed Duration
CIVE,ACSE 3105 A,Dec-15-2024,09:00,180,Dec-15-2024,12:00,AT 101,Fixed Duration
CIVE,ACSE 3201 A,Dec-9-2024,14:00,180,Dec-9-2024,17:00,TB 342,Fixed Duration
CIVE,ACSE 4101 A,Dec-12-2024,14:00,180,Dec-12-2024,17:00,TB 217,Fixed Duration
CIVE,CIVE 2004 A,Dec-12-2024,09:00,180,Dec-12-2024,12:00,AH,Fixed Duration
CIVE,CIVE 2200 A,Dec-17-2024,14:00,180,Dec-17-2024,17:00,FH,Fixed Duration
CIVE,CIVE 2200 B,Dec-17-2024,14:00,180,Dec-17-2024,17:00,FH,Fixed Duration
CIVE,CIVE 2700 A,Dec-11-2024,09:00,180,Dec-11-2024,12:00,FH,Fixed Duration
CIVE,CIVE 2700 B,Dec-11-2024,09:00,180,Dec-11-2024,12:00,FH,Fixed Duration
CIVE,CIVE 3202 A,Dec-10-2024,19:00,150,Dec-10-2024,21:30,AT 102,Fixed Duration
CIVE,CIVE 3203 A,Dec-13-2024,09:00,180,Dec-13-2024,12:00,FH,Fixed Duration
CIVE,CIVE 3203 B,Dec-13-2024,09:00,180,Dec-13-2024,12:00,FH,Fixed Duration
CIVE,CIVE 3204 A,Dec-19-2024,09:00,180,Dec-19-2024,12:00,FH,Fixed Duration
CIVE,CIVE 3204 B,Dec-19-2024,09:00,180,Dec-19-2024,12:00,FH,Fixed Duration
CIVE,CIVE 3208 A,Dec-9-2024,14:00,150,Dec-9-2024,16:30,NN 231,Fixed Duration
CIVE,CIVE 3208 B,Dec-9-2024,14:00,150,Dec-9-2024,16:30,NN 231,Fixed Duration
CIVE,CIVE 3304 A,Dec-16-2024,09:00,180,Dec-16-2024,12:00,AH,Fixed Duration
CIVE,CIVE 4200 A,Dec-19-2024,09:00,180,Dec-19-2024,12:00,TB 236,Fixed Duration
CIVE,CIVE 4201 A,Dec-9-2024,09:00,180,Dec-9-2024,12:00,TB 340,Fixed Duration
CIVE,CIVE 4208 A,Dec-11-2024,19:00,180,Dec-11-2024,22:00,AT 101,Fixed Duration
CIVE,CIVE 4302 A,Dec-13-2024,14:00,180,Dec-13-2024,17:00,TB 210,Fixed Duration
CIVE,CIVE 4303 A,Dec-19-2024,14:00,180,Dec-19-2024,17:00,AT 301,Fixed Duration
CIVE,CIVE 4400 A,Dec-17-2024,09:00,180,Dec-17-2024,12:00,AH,Fixed Duration
CIVE,CIVE 4403 A,Dec-16-2024,09:00,180,Dec-16-2024,12:00,TB 238,Fixed Duration
CIVE,CIVE 4407 A,Dec-10-2024,09:00,180,Dec-10-2024,12:00,FH,Fixed Duration
CIVE,CIVE 5101 F,Dec-9-2024,19:00,180,Dec-9-2024,22:00,TB 230,Fixed Duration
CIVE,CIVE 5103 F,Dec-9-2024,09:00,180,Dec-9-2024,12:00,TB 340,Fixed Duration
CIVE,CIVE 5200 F,Dec-16-2024,09:00,180,Dec-16-2024,12:00,TB 238,Fixed Duration
CIVE,CIVE 5403 F,Dec-20-2024,19:00,180,Dec-20-2024,22:00,TB 206,Fixed Duration
CIVE,CIVE 5609 F,Dec-18-2024,19:00,180,Dec-18-2024,22:00,NN 282,Fixed Duration
CIVE,CIVE 5616 F,Dec-14-2024,09:00,180,Dec-14-2024,12:00,TB 230,Fixed Duration
CIVE,ECOR 1046 A,Dec-14-2024,09:00,120,Dec-14-2024,11:00,FH,Fixed Duration
CIVE,ECOR 1046 B,Dec-14-2024,09:00,120,Dec-14-2024,11:00,FH,Fixed Duration
CIVE,ECOR 1046 C,Dec-14-2024,09:00,120,Dec-14-2024,11:00,FH,Fixed Duration
CIVE,ECOR 2050 A,Dec-17-2024,14:00,120,Dec-17-2024,16:00,AH,Fixed Duration
CIVE,ECOR 2050 B,Dec-17-2024,14:00,120,Dec-17-2024,16:00,AH,Fixed Duration
CIVE,ECOR 3800 A,Dec-12-2024,14:00,150,Dec-12-2024,16:30,FH,Fixed Duration
CIVE,ECOR 3800 B,Dec-12-2024,14:00,150,Dec-12-2024,16:30,FH,Fixed Duration
CIVE,EGEN 5400 F,Dec-20-2024,19:00,180,Dec-20-2024,22:00,TB 215,Fixed Duration
CIVE,ENVE 1001 A,Dec-14-2024,19:00,180,Dec-14-2024,22:00,AH,Fixed Duration
CIVE,ENVE 3002 A,Dec-18-2024,14:00,120,Dec-18-2024,16:00,TB 202,Fixed Duration
CIVE,ENVE 3003 A,Dec-20-2024,09:00,180,Dec-20-2024,12:00,TB 236,Fixed Duration
CIVE,ENVE 4003 A,Dec-10-2024,14:00,180,Dec-10-2024,17:00,NI 4020,Fixed Duration
CIVE,ENVE 4005 A,Dec-13-2024,09:00,180,Dec-13-2024,12:00,TB 342,Fixed Duration
CIVE,ENVE 4006 A,Dec-18-2024,14:00,180,Dec-18-2024,17:00,TB 210,Fixed Duration
CIVE,ENVE 4101 A,Dec-9-2024,14:00,180,Dec-9-2024,17:00,TB 210,Fixed Duration
CIVE,ENVE 4105 A,Dec-15-2024,09:00,180,Dec-15-2024,12:00,AT 101,Fixed Duration
CIVE,ENVE 5008 F,Dec-13-2024,09:00,180,Dec-13-2024,12:00,TB 342,Fixed Duration
CIVE,ENVE 5101 F,Dec-10-2024,14:00,180,Dec-10-2024,17:00,NI 4020,Fixed Duration
CIVE,ENVE 5204 F,Dec-15-2024,19:00,180,Dec-15-2024,22:00,TB 230,Fixed Duration
CIVE,ENVE 5301 F,Dec-18-2024,14:00,180,Dec-18-2024,17:00,TB 210,Fixed Duration
CIVE,ENVE 5705 F,Dec-10-2024,14:00,150,Dec-10-2024,16:30,TB 206,Fixed Duration
COGS,CGSC 1005 A,Dec-19-2024,09:00,180,Dec-19-2024,12:00,AH,Fixed Duration
COGS,CGSC 3601 A,Dec-14-2024,10:00,180,Dec-17-2024,10:00,ON LINE,Fixed Within Range
COMM,COMS 1002 A,Dec-10-2024,14:00,180,Dec-10-2024,17:00,FH,Fixed Duration
COMM,COMS 2003 A,Dec-18-2024,14:00,120,Dec-18-2024,16:00,NN 231,Fixed Duration
COMM,COMS 2200 A,Dec-14-2024,19:00,180,Dec-14-2024,22:00,AH,Fixed Duration
COMM,COMS 2501 A,Dec-19-2024,19:00,180,Dec-19-2024,22:00,FH,Fixed Duration
COMM,COMS 2600 A,Dec-12-2024,14:00,180,Dec-12-2024,17:00,AT 301,Fixed Duration
COMM,COMS 3002 A,Dec-16-2024,14:00,120,Dec-16-2024,16:00,FH,Fixed Duration
COMM,COMS 3100 A,Dec-13-2024,09:00,180,Dec-13-2024,12:00,NN 231,Fixed Duration
COMM,COMS 3109 A,Dec-11-2024,09:00,120,Dec-11-2024,11:00,FH,Fixed Duration
COMM,COMS 5101 A,Dec-20-2024,14:00,180,Dec-20-2024,17:00,TB 202,Fixed Duration
COMP,COMP 1001 A,Dec-11-2024,09:00,120,Dec-11-2024,11:00,AT 101,Fixed Duration
COMP,COMP 1005 A,Dec-17-2024,14:00,120,Dec-17-2024,16:00,FH,Fixed Duration
COMP,COMP 1005 C,Dec-17-2024,14:00,120,Dec-17-2024,16:00,FH,Fixed Duration
COMP,COMP 1005 D,Dec-17-2024,14:00,120,Dec-17-2024,16:00,FH,Fixed Duration
COMP,COMP 1005 E,Dec-17-2024,14:00,120,Dec-17-2024,16:00,FH,Fixed Duration
COMP,COMP 1006 A,Dec-20-2024,14:00,120,Dec-20-2024,16:00,AH,Fixed Duration
COMP,COMP 1405 A,Dec-17-2024,14:00,120,Dec-17-2024,16:00,FH,Fixed Duration
COMP,COMP 1405 C,Dec-17-2024,14:00,120,Dec-17-2024,16:00,FH,Fixed Duration
COMP,COMP 1405 D,Dec-17-2024,14:00,120,Dec-17-2024,16:00,FH,Fixed Duration
COMP,COMP 1405 E,Dec-17-2024,14:00,120,Dec-17-2024,16:00,FH,Fixed Duration
COMP,COMP 1406 A,Dec-20-2024,14:00,120,Dec-20-2024,16:00,AH,Fixed Duration
COMP,COMP 1805 A,Dec-13-2024,11:00,120,Dec-15-2024,11:00,ON LINE,Fixed Within Range
COMP,COMP 1805 B,Dec-13-2024,11:00,120,Dec-15-2024,11:00,ON LINE,Fixed Within Range
COMP,COMP 1805 C,Dec-13-2024,11:00,120,Dec-15-2024,11:00,ON LINE,Fixed Within Range
COMP,COMP 2108 A,Dec-11-2024,14:00,120,Dec-11-2024,16:00,FH,Fixed Duration
COMP,COMP 2401 A,Dec-18-2024,09:00,120,Dec-18-2024,11:00,FH,Fixed Duration
COMP,COMP 2401 B,Dec-18-2024,09:00,120,Dec-18-2024,11:00,FH,Fixed Duration
COMP,COMP 2401 C,Dec-18-2024,09:00,120,Dec-18-2024,11:00,FH,Fixed Duration
COMP,COMP 2401 D,Dec-17-2024,14:00,120,Dec-17-2024,16:00,NN 231,Fixed Duration
COMP,COMP 2402 A,Dec-20-2024,14:00,120,Dec-20-2024,16:00,FH,Fixed Duration
COMP,COMP 2402 B,Dec-20-2024,14:00,120,Dec-20-2024,16:00,FH,Fixed Duration
COMP,COMP 2402 C,Dec-20-2024,14:00,120,Dec-20-2024,16:00,FH,Fixed Duration
COMP,COMP 2404 A,Dec-18-2024,09:00,120,Dec-18-2024,11:00,AH,Fixed Duration
COMP,COMP 2404 B,Dec-18-2024,09:00,120,Dec-18-2024,11:00,AH,Fixed Duration
COMP,COMP 2406 A,Dec-12-2024,09:00,150,Dec-12-2024,11:30,ON LINE,Fixed Duration
COMP,COMP 2406 B,Dec-12-2024,09:00,150,Dec-12-2024,11:30,ON LINE,Fixed Duration
COMP,COMP 2801 A,Dec-18-2024,14:00,90,Dec-18-2024,15:30,ON LINE,Fixed Duration
COMP,COMP 2804 A,Dec-13-2024,09:00,120,Dec-13-2024,11:00,FH,Fixed Duration
COMP,COMP 2804 B,Dec-13-2024,09:00,120,Dec-13-2024,11:00,FH,Fixed Duration
COMP,COMP 3000 A,Dec-20-2024,19:00,120,Dec-20-2024,21:00,AH,Fixed Duration
COMP,COMP 3000 B,Dec-20-2024,19:00,120,Dec-20-2024,21:00,AH,Fixed Duration
COMP,COMP 3007 A,Dec-14-2024,09:00,180,Dec-14-2024,12:00,AH,Fixed Duration
COMP,COMP 3008 A,Dec-10-2024,14:00,180,Dec-10-2024,17:00,FH,Fixed Duration
COMP,COMP 3009 A,Dec-9-2024,14:00,150,Dec-9-2024,16:30,TB 208,Fixed Duration
COMP,COMP 3105 A,Dec-19-2024,14:00,180,Dec-19-2024,17:00,FH,Fixed Duration
COMP,COMP 3203 A,Dec-17-2024,14:00,120,Dec-17-2024,16:00,AH,Fixed Duration
COMP,COMP 3501 A,Dec-15-2024,09:00,150,Dec-15-2024,11:30,TB 210,Fixed Duration
COMP,COMP 3801 A,Dec-12-2024,14:00,150,Dec-12-2024,16:30,TB 206,Fixed Duration
COMP,COMP 3803 A,Dec-9-2024,09:00,120,Dec-9-2024,11:00,AT 301,Fixed Duration
COMP,COMP 3804 A,Dec-20-2024,14:00,180,Dec-20-2024,17:00,FH,Fixed Duration
COMP,COMP 3804 B,Dec-20-2024,14:00,180,Dec-20-2024,17:00,FH,Fixed Duration
COMP,COMP 3805 A,Dec-13-2024,09:00,180,Dec-13-2024,12:00,TB 206,Fixed Duration
COMP,COMP 4001 A,Dec-16-2024,14:00,90,Dec-16-2024,15:30,ON LINE,Fixed Duration
COMP,COMP 4004 A,Dec-12-2024,14:00,180,Dec-12-2024,17:00,FH,Fixed Duration
COMP,COMP 4108 A,Dec-13-2024,14:00,120,Dec-13-2024,16:00,FH,Fixed Duration
COMP,COMP 4114 A,Dec-11-2024,09:00,90,Dec-11-2024,10:30,ON LINE,Fixed Duration
CRCJ,CRCJ 1000 A,Dec-13-2024,10:00,,Dec-20-2024,10:00,ON LINE,Range
CRCJ,CRCJ 1000 B,Dec-18-2024,11:00,120,Dec-20-2024,11:00,ON LINE,Fixed Within Range
CRCJ,CRCJ 2100 A,Dec-10-2024,19:00,180,Dec-10-2024,22:00,AT 101,Fixed Duration
CRCJ,CRCJ 2200 A,Dec-20-2024,09:00,120,Dec-20-2024,11:00,ON LINE,Fixed Duration
CRCJ,CRCJ 3001 A,Dec-18-2024,19:00,180,Dec-18-2024,22:00,AT 102,Fixed Duration
ECON,ECON 0005 A,Dec-16-2024,14:00,120,Dec-16-2024,16:00,NN 231,Fixed Duration
ECON,ECON 1001 A,Dec-13-2024,14:00,150,Dec-13-2024,16:30,FH,Fixed Duration
ECON,ECON 1001 B,Dec-13-2024,14:00,150,Dec-13-2024,16:30,FH,Fixed Duration
ECON,ECON 1001 C,Dec-13-2024,14:00,150,Dec-13-2024,16:30,ON LINE,Fixed Duration
ECON,ECON 1001 D,Dec-13-2024,14:00,150,Dec-13-2024,16:30,FH,Fixed Duration
ECON,ECON 1001 E,Dec-13-2024,14:00,150,Dec-13-2024,16:30,FH,Fixed Duration
ECON,ECON 1401 A,Dec-10-2024,19:00,180,Dec-10-2024,22:00,AH,Fixed Duration
ECON,ECON 1402 A,Dec-18-2024,09:00,180,Dec-18-2024,12:00,AT 101,Fixed Duration
ECON,ECON 2001 A,Dec-16-2024,19:00,120,Dec-16-2024,21:00,TB 208,Fixed Duration
ECON,ECON 2009 A,Dec-11-2024,09:00,180,Dec-11-2024,12:00,TB 202,Fixed Duration
ECON,ECON 2020 A,Dec-12-2024,14:00,180,Dec-12-2024,17:00,AT 102,Fixed Duration
ECON,ECON 2030 E,Dec-9-2024,09:00,180,Dec-9-2024,12:00,ON LINE,Fixed Duration
ECON,ECON 2102 A,Dec-11-2024,14:00,180,Dec-11-2024,17:00,FH,Fixed Duration
ECON,ECON 2102 B,Dec-11-2024,14:00,180,Dec-11-2024,17:00,ON LINE,Fixed Duration
ECON,ECON 2103 E,Dec-14-2024,19:00,150,Dec-14-2024,21:30,NI 3030,Fixed Duration
ECON,ECON 2210 A,Dec-20-2024,09:00,180,Dec-20-2024,12:00,AT 102,Fixed Duration
ECON,ECON 2210 B,Dec-20-2024,09:00,180,Dec-20-2024,12:00,AT 302,Fixed Duration
ECON,ECON 2220 E,Dec-19-2024,14:00,180,Dec-19-2024,17:00,AT 102,Fixed Duration
ECON,ECON 3001 A,Dec-19-2024,14:00,180,Dec-19-2024,17:00,TB 238,Fixed Duration
ECON,ECON 3050 A,Dec-13-2024,14:00,180,Dec-13-2024,17:00,NI 4010,Fixed Duration
ECON,ECON 3360 A,Dec-20-2024,14:00,180,Dec-20-2024,17:00,ON LINE,Fixed Duration
ECON,ECON 3403 A,Dec-17-2024,14:00,180,Dec-17-2024,17:00,AT 302,Fixed Duration
ECON,ECON 3405 A,Dec-12-2024,09:00,180,Dec-12-2024,12:00,AT 302,Fixed Duration
ECON,ECON 3804 A,Dec-14-2024,14:00,120,Dec-14-2024,16:00,AT 102,Fixed Duration
ECON,ECON 3856 A,Dec-17-2024,19:00,120,Dec-17-2024,21:00,AH,Fixed Duration
ECON,ECON 3880 Z,Dec-9-2024,14:00,120,Dec-9-2024,16:00,TB 219,Fixed Duration
ECON,ECON 3920 A,Dec-9-2024,09:00,120,Dec-9-2024,11:00,ON LINE,Fixed Duration
ECON,ECON 4001 A,Dec-18-2024,14:00,180,Dec-18-2024,17:00,TB 236,Fixed Duration
ECON,ECON 4002 A,Dec-9-2024,14:00,180,Dec-9-2024,17:00,TB 238,Fixed Duration
ECON,ECON 4004 A,Dec-10-2024,09:00,180,Dec-10-2024,12:00,TB 219,Fixed Duration
ECON,ECON 4020 A,Dec-17-2024,14:00,120,Dec-17-2024,16:00,NN 282,Fixed Duration
ECON,ECON 4021 A,Dec-11-2024,09:00,180,Dec-11-2024,12:00,TB 447,Fixed Duration
ECON,ECON 4026 A,Dec-12-2024,14:00,180,Dec-12-2024,17:00,TB 230,Fixed Duration
ECON,ECON 4360 A,Dec-20-2024,19:00,180,Dec-20-2024,22:00,TB 238,Fixed Duration
ECON,ECON 4507 A,Dec-11-2024,09:00,180,Dec-11-2024,12:00,TB 236,Fixed Duration
ECON,ECON 4706 A,Dec-16-2024,09:00,180,Dec-16-2024,12:00,TB 340,Fixed Duration
ECON,ECON 4706 C,Dec-16-2024,09:00,180,Dec-16-2024,12:00,TB 340,Fixed Duration
ECON,ECON 4708 A,Dec-12-2024,09:00,120,Dec-12-2024,11:00,TB 202,Fixed Duration
ECON,ECON 5020 F,Dec-19-2024,14:00,180,Dec-19-2024,17:00,NN 282,Fixed Duration
ECON,ECON 5021 F,Dec-17-2024,09:00,180,Dec-17-2024,12:00,TB 206,Fixed Duration
ECON,ECON 5022 F,Dec-9-2024,09:00,180,Dec-9-2024,12:00,NN 180,Fixed Duration
ECON,ECON 5027 F,Dec-14-2024,14:00,120,Dec-14-2024,16:00,TB 210,Fixed Duration
ECON,ECON 5051 F,Dec-09-2024,14:00,180,Dec-09-2024,17:00,NI 4050,Fixed Duration
ECON,ECON 5505 F,Dec-10-2024,14:00,180,Dec-10-2024,17:00,TB 230,Fixed Duration
ECON,ECON 5602 F,Dec-19-2024,17:00,,Dec-20-2024,17:00,ON LINE,Range
ECON,ECON 5712 F,Dec-17-2024,09:00,180,Dec-17-2024,12:00,TB 204,Fixed Duration
ECON,ECON 5880 F,Dec-12-2024,09:00,120,Dec-12-2024,11:00,TB 202,Fixed Duration
ECON,ECON 6501 F,Dec-20-2024,14:00,180,Dec-20-2024,17:00,NN 374,Fixed Duration
ECON,ECON 6503 F,Dec-18-2024,09:00,180,Dec-18-2024,12:00,TB 219,Fixed Duration
ELEC,ECOR 1044 A,Dec-20-2024,09:00,120,Dec-20-2024,11:00,FH,Fixed Duration
ELEC,ECOR 1044 B,Dec-20-2024,09:00,120,Dec-20-2024,11:00,FH,Fixed Duration
ELEC,EGEN 5305 F,Dec-09-2024,09:00,180,Dec-09-2024,12:00,NN 374,Fixed Duration
ELEC,ELEC 2501 A,Dec-12-2024,09:00,180,Dec-12-2024,12:00,FH,Fixed Duration
ELEC,ELEC 2501 B,Dec-12-2024,09:00,180,Dec-12-2024,12:00,FH,Fixed Duration
ELEC,ELEC 2501 C,Dec-12-2024,09:00,180,Dec-12-2024,12:00,FH,Fixed Duration
ELEC,ELEC 2607 A,Dec-19-2024,14:00,180,Dec-19-2024,17:00,AT 101,Fixed Duration
ELEC,ELEC 3105 A,Dec-13-2024,14:00,180,Dec-13-2024,17:00,FH,Fixed Duration
ELEC,ELEC 3500 A,Dec-11-2024,14:00,180,Dec-11-2024,17:00,TB 208,Fixed Duration
ELEC,ELEC 3508 A,Dec-11-2024,14:00,180,Dec-11-2024,17:00,TB 236,Fixed Duration
ELEC,ELEC 3509 A,Dec-9-2024,09:00,180,Dec-9-2024,12:00,AT 102,Fixed Duration
ELEC,ELEC 3605 A,Dec-18-2024,14:00,180,Dec-18-2024,17:00,TB 447,Fixed Duration
ELEC,ELEC 3908 A,Dec-20-2024,14:00,180,Dec-20-2024,17:00,AT 102,Fixed Duration
ELEC,ELEC 3909 A,Dec-19-2024,09:00,180,Dec-19-2024,12:00,FH,Fixed Duration
ELEC,ELEC 4502 A,Dec-11-2024,14:00,180,Dec-11-2024,17:00,TB 204,Fixed Duration
ELEC,ELEC 4503 A,Dec-18-2024,09:00,180,Dec-18-2024,12:00,TB 206,Fixed Duration
ELEC,ELEC 4505 A,Dec-9-2024,09:00,90,Dec-9-2024,10:30,TB 204,Fixed Duration
ELEC,ELEC 4601 A,Dec-13-2024,09:00,180,Dec-13-2024,12:00,AH,Fixed Duration
ELEC,ELEC 4602 A,Dec-9-2024,09:00,180,Dec-9-2024,12:00,TB 342,Fixed Duration
ELEC,ELEC 4609 A,Dec-11-2024,09:00,180,Dec-11-2024,12:00,TB 342,Fixed Duration
ELEC,ELEC 4704 A,Dec-20-2024,14:00,180,Dec-20-2024,17:00,TB 210,Fixed Duration
ELEC,ELEC 4705 A,Dec-13-2024,14:00,180,Dec-13-2024,17:00,TB 217,Fixed Duration
ELEC,ELEC 4709 A,Dec-18-2024,09:00,180,Dec-18-2024,12:00,AH,Fixed Duration
ELEC,ELEC 5503 F,Dec-18-2024,09:00,180,Dec-18-2024,12:00,TB 204,Fixed Duration
ENGL,ENGL 1010 A,Dec-13-2024,09:00,180,Dec-13-2024,12:00,TB 202,Fixed Duration
ENGL,ENGL 2012 A,Dec-09-2024,09:00,180,Dec-09-2024,12:00,NI 4010,Fixed Duration
ENGL,ENGL 2107 A,Dec-15-2024,17:00,180,Dec-16-2024,17:00,ON LINE,Fixed Within Range
ENGL,ENGL 2301 A,Dec-12-2024,09:00,180,Dec-12-2024,12:00,AT 101,Fixed Duration
ENGL,ENGL 2302 A,Dec-9-2024,19:00,180,Dec-9-2024,22:00,TB 236,Fixed Duration
ENGL,ENGL 2500 A,Dec-10-2024,14:00,120,Dec-10-2024,16:00,FH,Fixed Duration
ENGL,ENGL 2802 A,Dec-13-2024,14:00,180,Dec-13-2024,17:00,TB 342,Fixed Duration
ENGL,ENGL 2802 B,Dec-20-2024,14:00,120,Dec-20-2024,16:00,AT 302,Fixed Duration
ENGL,ENGL 2920 A,Dec-17-2024,14:00,180,Dec-17-2024,17:00,AT 301,Fixed Duration
ENGL,ENGL 3106 A,Dec-13-2024,14:00,180,Dec-13-2024,17:00,FH,Fixed Duration
ENGL,ENGL 3201 A,Dec-9-2024,14:00,180,Dec-9-2024,17:00,TB 340,Fixed Duration
ENGL,ENGL 3500 A,Dec-10-2024,09:00,180,Dec-10-2024,12:00,NN 282,Fixed Duration
ENGL,ENGL 4607 A,Dec-9-2024,09:00,180,Dec-9-2024,12:00,NN 280,Fixed Duration
ENGL,FYSM 1004 A,Dec-19-2024,09:00,180,Dec-19-2024,12:00,TB 208,Fixed Duration
ENGL,FYSM 1004 C,Dec-9-2024,09:00,180,Dec-9-2024,12:00,NN 378,Fixed Duration
FED,ECOR 4995 A,Dec-20-2024,09:00,120,Dec-20-2024,11:00,AH,Fixed Duration
FED,ECOR 4995 B,Dec-20-2024,09:00,120,Dec-20-2024,11:00,AH,Fixed Duration
FED,EGEN 5202 F,Dec-19-2024,14:00,180,Dec-19-2024,17:00,CB 5109,Fixed Duration
FED,EGEN 5404 F,Dec-9-2024,19:00,180,Dec-9-2024,22:00,TB 215,Fixed Duration
FREN,FINS 2105 R,Dec-14-2024,09:00,180,Dec-14-2024,12:00,NN 231,Fixed Duration
FREN,FREN 1001 A,Dec-20-2024,09:00,120,Dec-20-2024,11:00,NN 231,Fixed Duration
FREN,FREN 1001 B,Dec-20-2024,09:00,120,Dec-20-2024,11:00,NN 231,Fixed Duration
FREN,FREN 1001 C,Dec-20-2024,09:00,120,Dec-20-2024,11:00,NN 231,Fixed Duration
FREN,FREN 1002 A,Dec-11-2024,09:00,180,Dec-11-2024,12:00,TB 238,Fixed Duration
FREN,FREN 1002 B,Dec-11-2024,09:00,180,Dec-11-2024,12:00,AT 302,Fixed Duration
FREN,FREN 1002 C,Dec-11-2024,09:00,180,Dec-11-2024,12:00,AT 102,Fixed Duration
FREN,FREN 1002 D,Dec-11-2024,09:00,180,Dec-11-2024,12:00,AT 102,Fixed Duration
FREN,FREN 1002 E,Dec-11-2024,09:00,180,Dec-11-2024,12:00,AT 302,Fixed Duration
FREN,FREN 1002 Y,Dec-11-2024,09:00,180,Dec-11-2024,12:00,TB 210,Fixed Duration
FREN,FREN 1050 A,Dec-11-2024,09:00,180,Dec-11-2024,12:00,TB 340,Fixed Duration
FREN,FREN 1100 A,Dec-10-2024,09:00,150,Dec-10-2024,11:30,AT 102,Fixed Duration
FREN,FREN 1100 B,Dec-10-2024,09:00,150,Dec-10-2024,11:30,AT 102,Fixed Duration
FREN,FREN 1100 C,Dec-10-2024,09:00,150,Dec-10-2024,11:30,TB 340,Fixed Duration
FREN,FREN 1100 D,Dec-10-2024,09:00,150,Dec-10-2024,11:30,TB 342,Fixed Duration
FREN,FREN 2100 B,Dec-10-2024,09:00,180,Dec-10-2024,12:00,TB 206,Fixed Duration
FREN,FREN 2100 C,Dec-10-2024,09:00,180,Dec-10-2024,12:00,AT 302,Fixed Duration
FREN,FREN 2100 D,Dec-10-2024,09:00,180,Dec-10-2024,12:00,TB 238,Fixed Duration
FREN,FREN 2100 E,Dec-10-2024,09:00,180,Dec-10-2024,12:00,TB 208,Fixed Duration
FREN,FREN 2110 A,Dec-10-2024,09:00,180,Dec-10-2024,12:00,AT 302,Fixed Duration
FREN,FREN 2202 A,Dec-18-2024,14:00,180,Dec-18-2024,17:00,NN 279,Fixed Duration
FREN,FREN 2203 A,Dec-10-2024,09:00,180,Dec-10-2024,12:00,NN 280,Fixed Duration
FREN,FREN 2401 B,Dec-09-2024,00:01,180,Dec-21-2024,23:59,ON LINE,Fixed Within Range
FREN,FREN 3213 A,Dec-16-2024,09:00,180,Dec-16-2024,12:00,NN 279,Fixed Duration
FREN,FREN 3412 A,Dec-09-2024,00:01,180,Dec-21-2024,23:59,ON LINE,Fixed Within Range
GEOG,ENST 2005 A,Dec-09-2024,14:00,180,Dec-09-2024,17:00,AT 101,Fixed Duration
GEOG,GEOG 1010 A,Dec-12-2024,14:00,120,Dec-12-2024,16:00,FH,Fixed Duration
GEOG,GEOG 1023 A,Dec-10-2024,14:00,180,Dec-10-2024,17:00,ON LINE,Fixed Duration
GEOG,GEOG 2005 A,Dec-09-2024,14:00,180,Dec-09-2024,17:00,AT 101,Fixed Duration
GEOG,GEOG 2014 A,Dec-20-2024,09:00,180,Dec-20-2024,12:00,AH,Fixed Duration
GEOG,GEOG 2023 A,Dec-13-2024,14:00,120,Dec-13-2024,16:00,AT 102,Fixed Duration
GEOG,GEOG 2200 A,Dec-17-2024,09:00,180,Dec-17-2024,12:00,AH,Fixed Duration
GEOG,GEOG 2200 T,Dec-17-2024,09:00,180,Dec-17-2024,12:00,AH,Fixed Duration
GEOG,GEOG 3103 A,Dec-17-2024,14:00,180,Dec-17-2024,17:00,NN 280,Fixed Duration
GEOG,GEOG 3108 A,Dec-12-2024,14:00,120,Dec-12-2024,16:00,TB 208,Fixed Duration
GEOG,GEOG 3206 F,Dec-10-2024,19:00,120,Dec-10-2024,21:00,AT 302,Fixed Duration
GEOG,GEOG 4103 A,Dec-20-2024,09:00,180,Dec-20-2024,12:00,TB 236,Fixed Duration
GEOG,GEOG 4304 A,Dec-16-2024,09:00,180,Dec-16-2024,12:00,AH,Fixed Duration
GEOL,ERTH 1006 A,Dec-13-2024,09:00,180,Dec-13-2024,12:00,AH,Fixed Duration
GEOL,ERTH 1010 A,Dec-13-2024,09:00,180,Dec-13-2024,12:00,AH,Fixed Duration
GEOL,ERTH 2102 A,Dec-12-2024,09:00,120,Dec-12-2024,11:00,TB 447,Fixed Duration
GEOL,ERTH 2105 A,Dec-18-2024,14:00,120,Dec-18-2024,16:00,NN 282,Fixed Duration
GEOL,ERTH 2401 A,Dec-09-2024,19:00,120,Dec-09-2024,21:00,ON LINE,Fixed Duration
GEOL,ERTH 2402 A,Dec-10-2024,09:00,180,Dec-10-2024,12:00,NN 231,Fixed Duration
GEOL,ERTH 2419 A,Dec-09-2024,14:00,180,Dec-09-2024,17:00,ON LINE,Fixed Duration
GEOL,ERTH 2421 A,Dec-19-2024,09:00,120,Dec-19-2024,11:00,NN 231,Fixed Duration
GEOL,ERTH 3003 A,Dec-20-2024,14:00,180,Dec-20-2024,17:00,HP 2130,Fixed Duration
GEOL,ERTH 3112 A,Dec-13-2024,14:00,120,Dec-13-2024,16:00,NN 180,Fixed Duration
GEOL,ERTH 3115 A,Dec-13-2024,14:00,120,Dec-13-2024,16:00,NN 180,Fixed Duration
GEOL,ERTH 3207 A,Dec-16-2024,14:00,180,Dec-16-2024,17:00,HP 2120,Fixed Duration
GEOL,ERTH 3405 A,Dec-10-2024,09:00,120,Dec-10-2024,11:00,TB 204,Fixed Duration
GEOL,ERTH 4107 A,Dec-09-2024,14:00,150,Dec-09-2024,16:30,NN 231,Fixed Duration
HIST,HIST 1003 A,Dec-09-2024,19:00,180,Dec-09-2024,22:00,AH,Fixed Duration
HIST,HIST 1701 A,Dec-17-2024,14:00,120,Dec-17-2024,16:00,AT 101,Fixed Duration
HIST,HIST 2204 A,Dec-18-2024,19:00,120,Dec-18-2024,21:00,NN 231,Fixed Duration
HIST,HIST 2301 A,Dec-15-2024,09:00,120,Dec-15-2024,11:00,AH,Fixed Duration
HIST,HIST 2502 A,Dec-13-2024,09:00,180,Dec-13-2024,12:00,AT 302,Fixed Duration
HIST,HIST 2902 A,Dec-16-2024,09:00,120,Dec-16-2024,11:00,AT 101,Fixed Duration
HIST,HIST 3205 A,Dec-14-2024,19:00,120,Dec-14-2024,21:00,AT 101,Fixed Duration
HIST,HIST 3305 A,Dec-11-2024,09:00,120,Dec-11-2024,11:00,FH,Fixed Duration
HIST,HIST 3708 A,Dec-09-2024,09:00,120,Dec-09-2024,11:00,TB 210,Fixed Duration
HLTH,HLTH 1000 A,Dec-16-2024,09:00,180,Dec-16-2024,12:00,AH,Fixed Duration
HLTH,HLTH 1001 A,Dec-20-2024,14:00,180,Dec-20-2024,17:00,ON LINE,Fixed Duration
HLTH,HLTH 2001 A,Dec-19-2024,09:00,180,Dec-19-2024,12:00,LA B241,Fixed Duration
HLTH,HLTH 2001 A,Dec-19-2024,09:00,180,Dec-19-2024,12:00,LA B250,Fixed Duration
HLTH,HLTH 2001 A,Dec-19-2024,09:00,180,Dec-19-2024,12:00,RB 2308,Fixed Duration
HLTH,HLTH 2001 A,Dec-19-2024,09:00,180,Dec-19-2024,12:00,RB 2311,Fixed Duration
HLTH,HLTH 2001 A,Dec-19-2024,09:00,180,Dec-19-2024,12:00,RB 3320,Fixed Duration
HLTH,HLTH 2004 A,Dec-20-2024,14:00,180,Dec-20-2024,17:00,HS Lobby,Fixed Duration
HLTH,HLTH 3104 A,Dec-09-2024,14:00,180,Dec-09-2024,17:00,AT 102,Fixed Duration
HLTH,HLTH 3303 A,Dec-09-2024,19:00,180,Dec-09-2024,22:00,NI 4010,Fixed Duration
HLTH,HLTH 3403 A,Dec-12-2024,09:00,180,Dec-12-2024,12:00,AT 102,Fixed Duration
HLTH,HLTH 3503 A,Dec-17-2024,14:00,180,Dec-17-2024,17:00,FH,Fixed Duration
HLTH,HLTH 4304 A,Dec-13-2024,09:00,180,Dec-13-2024,12:00,TB 204,Fixed Duration
HLTH,HLTH 4401 A,Dec-20-2024,14:00,180,Dec-20-2024,17:00,TB 238,Fixed Duration
HUMM,CLCV 1002 A,Dec-19-2024,14:00,120,Dec-19-2024,16:00,AH,Fixed Duration
HUMM,CLCV 2008 A,Dec-09-2024,09:00,180,Dec-09-2024,12:00,NI 4010,Fixed Duration
HUMM,CLCV 2305 A,Dec-09-2024,10:00,70,Dec-21-2024,17:00,ON LINE,Fixed Within Range
HUMM,CLCV 2305 B,Dec-09-2024,10:00,70,Dec-21-2024,17:00,ON LINE,Fixed Within Range
HUMM,CLCV 2500 A,Dec-10-2024,14:00,120,Dec-10-2024,16:00,FH,Fixed Duration
HUMM,CLCV 2902 A,Dec-16-2024,09:00,120,Dec-16-2024,11:00,AT 101,Fixed Duration
HUMM,CLCV 3306 A,Dec-17-2024,09:00,120,Dec-17-2024,11:00,NN 231,Fixed Duration
HUMM,DIGH 2200 A,Dec-14-2024,19:00,180,Dec-14-2024,22:00,AH,Fixed Duration
HUMM,GREK 1005 A,Dec-12-2024,11:00,,Dec-16-2024,11:00,ON LINE,Range
HUMM,HUMS 1000 A,Dec-16-2024,14:00,180,Dec-16-2024,17:00,FH,Fixed Duration
HUMM,HUMS 2000 A,Dec-17-2024,09:00,180,Dec-17-2024,12:00,TB 340,Fixed Duration
HUMM,HUMS 2101 A,Dec-14-2024,09:00,180,Dec-14-2024,12:00,AT 101,Fixed Duration
HUMM,HUMS 2101 A,Dec-14-2024,09:00,180,Dec-14-2024,12:00,AT 102,Fixed Duration
HUMM,HUMS 3102 A,Dec-18-2024,09:00,180,Dec-18-2024,12:00,PA 303,Fixed Duration
HUMM,HUMS 3200 A,Dec-09-2024,14:00,180,Dec-09-2024,17:00,TB 340,Fixed Duration
HUMM,LATN 1005 A,Dec-20-2024,14:00,90,Dec-20-2024,15:30,TB 206,Fixed Duration
HUMM,LATN 1005 B,Dec-19-2024,09:00,120,Dec-19-2024,11:00,TB 238,Fixed Duration
HUMM,LATN 2200 A,Dec-13-2024,14:00,120,Dec-13-2024,16:00,NN 280,Fixed Duration
HUMM,LATN 3900 A,Dec-13-2024,14:00,120,Dec-13-2024,16:00,NN 280,Fixed Duration
HUMM,MEMS 2001 A,Dec-10-2024,14:00,180,Dec-10-2024,17:00,TB 238,Fixed Duration
HUMM,RELI 2110 A,Dec-09-2024,00:01,,Dec-16-2024,23:59,ON LINE,Range
HUMM,RELI 2510 A,Dec-11-2024,09:00,150,Dec-11-2024,11:30,FH,Fixed Duration
HUMM,RELI 2800 A,Dec-09-2024,09:00,180,Dec-09-2024,12:00,ON LINE,Fixed Duration
HUMM,RELI 3220 A,Dec-09-2024,09:00,120,Dec-09-2024,11:00,TB 210,Fixed Duration
HUMM,RELI 3732 A,Dec-17-2024,09:00,120,Dec-17-2024,11:00,NN 231,Fixed Duration
IASS,CHST 4001 B,Dec-12-2024,14:00,180,Dec-12-2024,17:00,TB 238,Fixed Duration
IASS,HRSJ 2001 A,Dec-20-2024,09:00,180,Dec-20-2024,12:00,AT 101,Fixed Duration
IND,IDES 1000 A,Dec-09-2024,10:00,90,Dec-09-2024,17:00,ON LINE,Fixed Within Range
IND,IDES 2101 A,Dec-09-2024,14:00,90,Dec-09-2024,15:30,AT 301,Fixed Duration
IPIE,IPIS 5106 F,Dec-10-2024,19:00,90,Dec-10-2024,20:30,TB 230,Fixed Duration
IPIE,IPIS 5504 A,Dec-18-2024,19:00,180,Dec-18-2024,22:00,NN 282,Fixed Duration
JOUR,JOUR 2501 A,Dec-19-2024,19:00,180,Dec-19-2024,22:00,FH,Fixed Duration
JOUR,MPAD 2501 A,Dec-19-2024,19:00,180,Dec-19-2024,22:00,FH,Fixed Duration
KROE,GINS 1000 A,Dec-16-2024,14:00,180,Dec-16-2024,17:00,AT 101,Fixed Duration
KROE,GINS 1010 A,Dec-18-2024,09:00,180,Dec-18-2024,12:00,AT 301,Fixed Duration
KROE,GINS 2010 A,Dec-09-2024,09:00,120,Dec-09-2024,11:00,AH,Fixed Duration
KROE,PAPM 2001 A,Dec-19-2024,14:00,120,Dec-19-2024,16:00,LA C264,Fixed Duration
KROE,PAPM 4100 A,Dec-10-2024,17:30,180,Dec-10-2024,20:30,TB 236,Fixed Duration
KROE,POLM 3000 A,Dec-13-2024,09:00,180,Dec-13-2024,12:00,NN 231,Fixed Duration
LALS,ALDS 2204 A,Dec-10-2024,10:00,,Dec-11-2024,10:00,ON LINE,Range
LALS,ALDS 2604 A,Dec-20-2024,19:00,180,Dec-20-2024,22:00,AT 102,Fixed Duration
LALS,ALDS 3604 A,Dec-20-2024,09:00,180,Dec-20-2024,12:00,TB 208,Fixed Duration
LALS,ALDS 4801 A,Dec-18-2024,19:00,120,Dec-18-2024,21:00,NI 4050,Fixed Duration
LALS,CHIN 1010 A,Dec-15-2024,14:00,120,Dec-15-2024,16:00,TB 238,Fixed Duration
LALS,CHIN 1110 A,Dec-09-2024,09:00,180,Dec-09-2024,12:00,TB 238,Fixed Duration
LALS,GERM 1010 A,Dec-19-2024,14:00,120,Dec-19-2024,16:00,NN 231,Fixed Duration
LALS,GERM 1010 B,Dec-19-2024,14:00,120,Dec-19-2024,16:00,NN 231,Fixed Duration
LALS,GERM 1010 D,Dec-13-2024,14:00,120,Dec-13-2024,16:00,TB 206,Fixed Duration
LALS,GERM 2110 A,Dec-10-2024,19:00,150,Dec-10-2024,21:30,TB 217,Fixed Duration
LALS,JAPA 1010 A,Dec-14-2024,09:00,120,Dec-14-2024,11:00,AT 301,Fixed Duration
LALS,JAPA 1010 B,Dec-14-2024,09:00,120,Dec-14-2024,11:00,AT 301,Fixed Duration
LALS,JAPA 1010 C,Dec-14-2024,09:00,120,Dec-14-2024,11:00,AT 301,Fixed Duration
LALS,JAPA 1010 D,Dec-14-2024,09:00,120,Dec-14-2024,11:00,AT 301,Fixed Duration
LALS,JAPA 1110 A,Dec-11-2024,09:00,120,Dec-11-2024,11:00,TB 206,Fixed Duration
LALS,JAPA 4010 A,Dec-09-2024,09:00,120,Dec-09-2024,11:00,TB 206,Fixed Duration
LALS,KORE 1010 A,Dec-10-2024,09:00,120,Dec-10-2024,11:00,NI 4010,Fixed Duration
LALS,KORE 1010 B,Dec-10-2024,09:00,120,Dec-10-2024,11:00,NI 4010,Fixed Duration
LALS,KORE 1010 D,Dec-10-2024,09:00,120,Dec-10-2024,11:00,NI 4010,Fixed Duration
LALS,KORE 2010 A,Dec-12-2024,09:00,120,Dec-12-2024,11:00,TB 446,Fixed Duration
LALS,LING 1001 A,Dec-14-2024,14:00,180,Dec-14-2024,17:00,AH,Fixed Duration
LALS,LING 2005 A,Dec-10-2024,09:00,180,Dec-10-2024,12:00,FH,Fixed Duration
LALS,LING 2604 A,Dec-20-2024,19:00,180,Dec-20-2024,22:00,AT 102,Fixed Duration
LALS,LING 3007 A,Dec-16-2024,09:00,180,Dec-16-2024,12:00,AH,Fixed Duration
LALS,LING 3603 A,Dec-12-2024,14:00,180,Dec-12-2024,17:00,AT 101,Fixed Duration
LALS,LING 3604 A,Dec-20-2024,09:00,180,Dec-20-2024,12:00,TB 208,Fixed Duration
LALS,RUSS 1010 A,Dec-13-2024,09:00,180,Dec-13-2024,12:00,TB 238,Fixed Duration
LALS,RUSS 2010 A,Dec-20-2024,14:00,180,Dec-20-2024,17:00,TB 219,Fixed Duration
LAWS,LAWS 1001 A,Dec-09-2024,09:00,120,Dec-09-2024,11:00,FH,Fixed Duration
LAWS,LAWS 1001 B,Dec-09-2024,09:00,90,Dec-09-2024,10:30,ON LINE,Fixed Duration
LAWS,LAWS 1001 C,Dec-12-2024,14:00,120,Dec-12-2024,16:00,ON LINE,Fixed Duration
LAWS,LAWS 2201 A,Dec-09-2024,09:00,120,Dec-09-2024,11:00,HS 1301,Fixed Duration
LAWS,LAWS 2202 A,Dec-09-2024,21:00,180,Dec-12-2024,21:00,ON LINE,Fixed Within Range
LAWS,LAWS 2202 B,Dec-13-2024,14:00,90,Dec-13-2024,15:30,ON LINE,Fixed Duration
LAWS,LAWS 2301 A,Dec-14-2024,19:00,120,Dec-14-2024,21:00,AT 102,Fixed Duration
LAWS,LAWS 2301 B,Dec-12-2024,09:00,180,Dec-12-2024,12:00,ON LINE,Fixed Duration
LAWS,LAWS 2302 A,Dec-09-2024,19:00,120,Dec-09-2024,21:00,AH,Fixed Duration
LAWS,LAWS 2302 B,Dec-09-2024,19:00,120,Dec-09-2024,21:00,AH,Fixed Duration
LAWS,LAWS 2302 C,Dec-13-2024,12:00,180,Dec-17-2024,23:00,ON LINE,Fixed Within Range
LAWS,LAWS 2501 B,Dec-09-2024,11:00,90,Dec-10-2024,11:00,ON LINE,Fixed Within Range
LAWS,LAWS 2502 A,Dec-15-2024,14:00,120,Dec-15-2024,16:00,ON LINE,Fixed Duration
LAWS,LAWS 2601 A,Dec-10-2024,17:00,60,Dec-11-2024,17:00,ON LINE,Fixed Within Range
LAWS,LAWS 2601 B,Dec-18-2024,09:00,180,Dec-18-2024,12:00,AT 102,Fixed Duration
LAWS,LAWS 2908 B,Dec-20-2024,14:00,120,Dec-20-2024,16:00,ON LINE,Fixed Duration
LAWS,LAWS 3003 A,Dec-10-2024,21:00,180,Dec-13-2024,21:00,ON LINE,Fixed Within Range
LAWS,LAWS 3104 A,Dec-17-2024,09:00,120,Dec-17-2024,11:00,AT 302,Fixed Duration
LAWS,LAWS 3202 A,Dec-14-2024,10:00,,Dec-19-2024,10:00,ON LINE,Range
LAWS,LAWS 3305 A,Dec-11-2024,09:00,120,Dec-11-2024,11:00,FH,Fixed Duration
LAWS,LAWS 3306 A,Dec-20-2024,19:00,180,Dec-20-2024,22:00,AT 301,Fixed Duration
LAWS,LAWS 3307 A,Dec-12-2024,12:00,180,Dec-16-2024,23:00,ON LINE,Fixed Within Range
LAWS,LAWS 3308 B,Dec-09-2024,09:00,180,Dec-09-2024,12:00,ON LINE,Fixed Duration
LAWS,LAWS 3309 A,Dec-18-2024,14:00,180,Dec-18-2024,17:00,AT 102,Fixed Duration
LAWS,LAWS 3504 A,Dec-12-2024,09:00,90,Dec-12-2024,10:30,ON LINE,Fixed Duration
LAWS,LAWS 3506 A,Dec-09-2024,14:00,,Dec-14-2024,14:00,ON LINE,Range
LAWS,LAWS 3604 A,Dec-12-2024,14:00,180,Dec-12-2024,17:00,RB 2308,Fixed Duration
LAWS,LAWS 3604 A,Dec-12-2024,14:00,180,Dec-12-2024,17:00,RB 2311,Fixed Duration
LAWS,LAWS 4106 B,Dec-13-2024,10:00,480,Dec-14-2024,10:00,ON LINE,Fixed Within Range
LAWS,LAWS 4303 A,Dec-11-2024,19:00,180,Dec-11-2024,22:00,ON LINE,Fixed Duration
LAWS,LAWS 4702 A,Dec-11-2024,14:00,120,Dec-11-2024,16:00,TB 238,Fixed Duration
LAWS,LAWS 4801 B,Dec-13-2024,09:00,180,Dec-13-2024,12:00,ON LINE,Fixed Duration
MAAE,AERO 2001 A,Dec-16-2024,09:00,180,Dec-16-2024,12:00,AH,Fixed Duration
MAAE,AERO 3240 A,Dec-11-2024,09:00,180,Dec-11-2024,12:00,FH,Fixed Duration
MAAE,AERO 3700 A,Dec-11-2024,14:00,180,Dec-11-2024,17:00,AT 101,Fixed Duration
MAAE,AERO 4003 A,Dec-19-2024,09:00,180,Dec-19-2024,12:00,AT 301,Fixed Duration
MAAE,AERO 4302 A,Dec-10-2024,14:00,180,Dec-10-2024,17:00,FH,Fixed Duration
MAAE,AERO 4306 A,Dec-16-2024,09:00,180,Dec-16-2024,12:00,AH,Fixed Duration
MAAE,AERO 4446 A,Dec-16-2024,09:00,180,Dec-16-2024,12:00,HS 1301,Fixed Duration
MAAE,AERO 4540 A,Dec-13-2024,14:00,180,Dec-13-2024,17:00,FH,Fixed Duration
MAAE,AERO 4608 A,Dec-17-2024,09:00,180,Dec-17-2024,12:00,TB 236,Fixed Duration
MAAE,AERO 4842 A,Dec-10-2024,09:00,180,Dec-10-2024,12:00,FH,Fixed Duration
MAAE,ECOR 1048 A,Dec-21-2024,14:00,180,Dec-21-2024,17:00,FH,Fixed Duration
MAAE,ECOR 1048 B,Dec-21-2024,14:00,180,Dec-21-2024,17:00,FH,Fixed Duration
MAAE,EGEN 5504 F,Dec-09-2024,09:00,180,Dec-09-2024,12:00,NN 279,Fixed Duration
MAAE,MAAE 2001 A,Dec-16-2024,09:00,180,Dec-16-2024,12:00,AH,Fixed Duration
MAAE,MAAE 2101 A,Dec-09-2024,14:00,180,Dec-09-2024,17:00,FH,Fixed Duration
MAAE,MAAE 2101 B,Dec-09-2024,14:00,180,Dec-09-2024,17:00,FH,Fixed Duration
MAAE,MAAE 2101 C,Dec-09-2024,14:00,180,Dec-09-2024,17:00,FH,Fixed Duration
MAAE,MAAE 2202 A,Dec-13-2024,09:00,180,Dec-13-2024,12:00,FH,Fixed Duration
MAAE,MAAE 2202 B,Dec-13-2024,09:00,180,Dec-13-2024,12:00,FH,Fixed Duration
MAAE,MAAE 2300 A,Dec-20-2024,14:00,180,Dec-20-2024,17:00,FH,Fixed Duration
MAAE,MAAE 2300 B,Dec-20-2024,14:00,180,Dec-20-2024,17:00,FH,Fixed Duration
MAAE,MAAE 2300 C,Dec-20-2024,14:00,180,Dec-20-2024,17:00,FH,Fixed Duration
MAAE,MAAE 2400 A,Dec-13-2024,14:00,180,Dec-13-2024,17:00,AT 101,Fixed Duration
MAAE,MAAE 2400 B,Dec-13-2024,14:00,180,Dec-13-2024,17:00,AT 301,Fixed Duration
MAAE,MAAE 2700 A,Dec-11-2024,14:00,180,Dec-11-2024,17:00,FH,Fixed Duration
MAAE,MAAE 2700 B,Dec-11-2024,14:00,180,Dec-11-2024,17:00,FH,Fixed Duration
MAAE,MAAE 3004 A,Dec-09-2024,14:00,180,Dec-09-2024,17:00,FH,Fixed Duration
MAAE,MAAE 3004 B,Dec-09-2024,14:00,180,Dec-09-2024,17:00,FH,Fixed Duration
MAAE,MAAE 3202 A,Dec-19-2024,14:00,180,Dec-19-2024,17:00,FH,Fixed Duration
MAAE,MAAE 3202 B,Dec-19-2024,14:00,180,Dec-19-2024,17:00,FH,Fixed Duration
MAAE,MAAE 3300 A,Dec-10-2024,14:00,180,Dec-10-2024,17:00,FH,Fixed Duration
MAAE,MAAE 3300 B,Dec-10-2024,14:00,180,Dec-10-2024,17:00,FH,Fixed Duration
MAAE,MAAE 4102 A,Dec-16-2024,09:00,180,Dec-16-2024,12:00,NI 4010,Fixed Duration
MAAE,MAAE 4902 A,Dec-12-2024,09:00,180,Dec-12-2024,12:00,TB 208,Fixed Duration
MAAE,MAAE 4904 A,Dec-18-2024,14:00,120,Dec-18-2024,16:00,NN 280,Fixed Duration
MAAE,MECH 3310 A,Dec-16-2024,09:00,180,Dec-16-2024,12:00,TB 342,Fixed Duration
MAAE,MECH 4003 A,Dec-12-2024,14:00,180,Dec-12-2024,17:00,NI 3020,Fixed Duration
MAAE,MECH 4006 A,Dec-18-2024,14:00,180,Dec-18-2024,17:00,TB 208,Fixed Duration
MAAE,MECH 4104 A,Dec-13-2024,14:00,180,Dec-13-2024,17:00,TB 204,Fixed Duration
MAAE,MECH 4105 A,Dec-14-2024,14:00,180,Dec-14-2024,17:00,TB 208,Fixed Duration
MAAE,MECH 4210 A,Dec-17-2024,09:00,180,Dec-17-2024,12:00,TB 202,Fixed Duration
MAAE,MECH 4406 A,Dec-10-2024,14:00,180,Dec-10-2024,17:00,AT 101,Fixed Duration
MAAE,MECH 4501 A,Dec-20-2024,14:00,180,Dec-20-2024,17:00,MC 5010,Fixed Duration
MAAE,MECH 4503 A,Dec-09-2024,09:00,180,Dec-09-2024,12:00,NN 376,Fixed Duration
MAAE,MECH 4604 A,Dec-14-2024,14:00,180,Dec-14-2024,17:00,NI 4050,Fixed Duration
MAAE,MECH 4705 A,Dec-18-2024,09:00,180,Dec-18-2024,12:00,TB 208,Fixed Duration
MAAE,MECH 4806 A,Dec-12-2024,14:00,120,Dec-12-2024,16:00,TB 204,Fixed Duration
MAAE,MECH 5000 F,Dec-09-2024,14:00,180,Dec-09-2024,17:00,TB 217,Fixed Duration
MAAE,MECH 5103 F,Dec-20-2024,19:00,180,Dec-20-2024,22:00,NI 4050,Fixed Duration
MAAE,MECH 5205 F,Dec-16-2024,14:00,120,Dec-16-2024,16:00,TB 446,Fixed Duration
MAAE,MECH 5609 F,Dec-20-2024,14:00,180,Dec-20-2024,17:00,TB 204,Fixed Duration
MAAE,SREE 3001 A,Dec-16-2024,09:00,180,Dec-16-2024,12:00,TB 208,Fixed Duration
MAAE,SREE 3001 B,Dec-16-2024,09:00,180,Dec-16-2024,12:00,TB 208,Fixed Duration
MAAE,SREE 4001 A,Dec-09-2024,09:00,180,Dec-09-2024,12:00,NN 182,Fixed Duration
MATH,MATH 0005 A,Dec-09-2024,09:00,180,Dec-09-2024,12:00,TB 202,Fixed Duration
MATH,MATH 1004 A,Dec-14-2024,19:00,180,Dec-14-2024,22:00,FH,Fixed Duration
MATH,MATH 1004 B,Dec-14-2024,19:00,180,Dec-14-2024,22:00,FH,Fixed Duration
MATH,MATH 1004 C,Dec-14-2024,19:00,180,Dec-14-2024,22:00,FH,Fixed Duration
MATH,MATH 1004 D,Dec-14-2024,19:00,180,Dec-14-2024,22:00,FH,Fixed Duration
MATH,MATH 1004 E,Dec-14-2024,19:00,180,Dec-14-2024,22:00,AH,Fixed Duration
MATH,MATH 1004 F,Dec-14-2024,19:00,180,Dec-14-2024,22:00,AH,Fixed Duration
MATH,MATH 1005 A,Dec-19-2024,09:00,180,Dec-19-2024,12:00,FH,Fixed Duration
MATH,MATH 1005 B,Dec-19-2024,09:00,180,Dec-19-2024,12:00,FH,Fixed Duration
MATH,MATH 1005 C,Dec-19-2024,09:00,180,Dec-19-2024,12:00,FH,Fixed Duration
MATH,MATH 1005 D,Dec-19-2024,09:00,180,Dec-19-2024,12:00,FH,Fixed Duration
MATH,MATH 1005 E,Dec-19-2024,09:00,180,Dec-19-2024,12:00,FH,Fixed Duration
MATH,MATH 1005 F,Dec-19-2024,09:00,180,Dec-19-2024,12:00,FH,Fixed Duration
MATH,MATH 1007 A,Dec-18-2024,14:00,180,Dec-18-2024,17:00,FH,Fixed Duration
MATH,MATH 1007 B,Dec-18-2024,14:00,180,Dec-18-2024,17:00,FH,Fixed Duration
MATH,MATH 1007 C,Dec-18-2024,14:00,180,Dec-18-2024,17:00,FH,Fixed Duration
MATH,MATH 1007 D,Dec-18-2024,14:00,180,Dec-18-2024,17:00,FH,Fixed Duration
MATH,MATH 1007 E,Dec-18-2024,14:00,180,Dec-18-2024,17:00,FH,Fixed Duration
MATH,MATH 1007 F,Dec-18-2024,14:00,180,Dec-18-2024,17:00,FH,Fixed Duration
MATH,MATH 1009 A,Dec-15-2024,09:00,180,Dec-15-2024,12:00,AH,Fixed Duration
MATH,MATH 1009 B,Dec-15-2024,09:00,180,Dec-15-2024,12:00,AH,Fixed Duration
MATH,MATH 1052 A,Dec-20-2024,09:00,180,Dec-20-2024,12:00,AH,Fixed Duration
MATH,MATH 1104 A,Dec-13-2024,19:00,180,Dec-13-2024,22:00,AH,Fixed Duration
MATH,MATH 1104 B,Dec-13-2024,19:00,180,Dec-13-2024,22:00,AH,Fixed Duration
MATH,MATH 1107 E,Dec-11-2024,09:00,180,Dec-11-2024,12:00,AH,Fixed Duration
MATH,MATH 1107 F,Dec-11-2024,09:00,180,Dec-11-2024,12:00,AH,Fixed Duration
MATH,MATH 1152 A,Dec-11-2024,09:00,180,Dec-11-2024,12:00,FH,Fixed Duration
MATH,MATH 1800 A,Dec-16-2024,14:00,180,Dec-16-2024,17:00,AT 302,Fixed Duration
MATH,MATH 2000 A,Dec-16-2024,09:00,180,Dec-16-2024,12:00,AH,Fixed Duration
MATH,MATH 2004 A,Dec-16-2024,14:00,180,Dec-16-2024,17:00,FH,Fixed Duration
MATH,MATH 2007 A,Dec-19-2024,19:00,180,Dec-19-2024,22:00,FH,Fixed Duration
MATH,MATH 2008 A,Dec-18-2024,14:00,180,Dec-18-2024,17:00,TB 238,Fixed Duration
MATH,MATH 2100 A,Dec-19-2024,14:00,180,Dec-19-2024,17:00,TB 210,Fixed Duration
MATH,MATH 2107 A,Dec-09-2024,14:00,180,Dec-09-2024,17:00,FH,Fixed Duration
MATH,MATH 2404 A,Dec-17-2024,14:00,180,Dec-17-2024,17:00,NN 180,Fixed Duration
MATH,MATH 2454 A,Dec-10-2024,09:00,180,Dec-10-2024,12:00,TB 210,Fixed Duration
MATH,MATH 3001 A,Dec-09-2024,09:00,180,Dec-09-2024,12:00,TB 215,Fixed Duration
MATH,MATH 3057 A,Dec-11-2024,09:00,180,Dec-11-2024,12:00,TB 230,Fixed Duration
MATH,MATH 3106 A,Dec-17-2024,09:00,180,Dec-17-2024,12:00,TB 230,Fixed Duration
MATH,MATH 3705 A,Dec-18-2024,09:00,180,Dec-18-2024,12:00,AH,Fixed Duration
MATH,MATH 3705 B,Dec-18-2024,09:00,180,Dec-18-2024,12:00,AH,Fixed Duration
MATH,MATH 3800 A,Dec-13-2024,14:00,150,Dec-13-2024,16:30,NI 3020,Fixed Duration
MATH,MATH 3801 A,Dec-11-2024,09:00,180,Dec-11-2024,12:00,AT 301,Fixed Duration
MATH,MATH 3804 A,Dec-20-2024,14:00,180,Dec-20-2024,17:00,FH,Fixed Duration
MATH,MATH 3804 B,Dec-20-2024,14:00,180,Dec-20-2024,17:00,FH,Fixed Duration
MATH,MATH 3806 A,Dec-16-2024,09:00,180,Dec-16-2024,12:00,TB 230,Fixed Duration
MATH,MATH 3809 A,Dec-17-2024,14:00,180,Dec-17-2024,17:00,NN 374,Fixed Duration
MATH,MATH 3825 A,Dec-13-2024,09:00,180,Dec-13-2024,12:00,TB 206,Fixed Duration
MATH,MATH 3855 A,Dec-13-2024,09:00,180,Dec-13-2024,12:00,TB 206,Fixed Duration
MATH,MATH 4007 A,Dec-17-2024,09:00,180,Dec-17-2024,12:00,TB 210,Fixed Duration
MATH,MATH 4107 A,Dec-12-2024,14:00,180,Dec-12-2024,17:00,TB 202,Fixed Duration
MATH,MATH 4708 A,Dec-19-2024,14:00,180,Dec-19-2024,17:00,TB 206,Fixed Duration
MATH,MATH 4821 A,Dec-19-2024,09:00,180,Dec-19-2024,12:00,TB 206,Fixed Duration
MATH,MATH 5001 F,Dec-12-2024,14:00,180,Dec-12-2024,17:00,TB 202,Fixed Duration
MATH,MATH 5007 F,Dec-17-2024,09:00,180,Dec-17-2024,12:00,TB 210,Fixed Duration
MATH,MATH 5408 F,Dec-19-2024,14:00,180,Dec-19-2024,17:00,TB 206,Fixed Duration
MATH,MATH 5818 F,Dec-17-2024,09:00,180,Dec-17-2024,12:00,TB 217,Fixed Duration
MATH,MATH 5821 F,Dec-19-2024,09:00,180,Dec-19-2024,12:00,TB 206,Fixed Duration
MATH,STAT 2507 A,Dec-09-2024,09:00,180,Dec-09-2024,12:00,FH,Fixed Duration
MATH,STAT 2507 B,Dec-09-2024,09:00,180,Dec-09-2024,12:00,FH,Fixed Duration
MATH,STAT 2507 C,Dec-09-2024,09:00,180,Dec-09-2024,12:00,FH,Fixed Duration
MATH,STAT 2507 D,Dec-09-2024,09:00,180,Dec-09-2024,12:00,FH,Fixed Duration
MATH,STAT 2509 A,Dec-10-2024,09:00,180,Dec-10-2024,12:00,FH,Fixed Duration
MATH,STAT 2601 A,Dec-13-2024,09:00,120,Dec-13-2024,11:00,FH,Fixed Duration
MATH,STAT 2601 B,Dec-13-2024,09:00,120,Dec-13-2024,11:00,FH,Fixed Duration
MATH,STAT 2601 C,Dec-13-2024,09:00,120,Dec-13-2024,11:00,FH,Fixed Duration
MATH,STAT 2602 A,Dec-19-2024,14:00,180,Dec-19-2024,17:00,NI 4010,Fixed Duration
MATH,STAT 2605 A,Dec-16-2024,14:00,180,Dec-16-2024,17:00,FH,Fixed Duration
MATH,STAT 2655 A,Dec-14-2024,14:00,180,Dec-14-2024,17:00,AT 101,Fixed Duration
MATH,STAT 3503 A,Dec-19-2024,09:00,180,Dec-19-2024,12:00,AT 102,Fixed Duration
MATH,STAT 3507 A,Dec-16-2024,09:00,180,Dec-16-2024,12:00,AT 102,Fixed Duration
MATH,STAT 3508 A,Dec-13-2024,14:00,180,Dec-13-2024,17:00,TB 236,Fixed Duration
MATH,STAT 3553 A,Dec-09-2024,14:00,120,Dec-09-2024,16:00,TB 206,Fixed Duration
MATH,STAT 3558 A,Dec-19-2024,14:00,180,Dec-19-2024,17:00,TB 217,Fixed Duration
MATH,STAT 3660 A,Dec-12-2024,09:00,150,Dec-12-2024,11:30,TB 219,Fixed Duration
MATH,STAT 4500 A,Dec-12-2024,14:00,180,Dec-12-2024,17:00,TB 236,Fixed Duration
MATH,STAT 4503 A,Dec-19-2024,14:00,180,Dec-19-2024,17:00,TB 208,Fixed Duration
MATH,STAT 4603 A,Dec-10-2024,09:00,180,Dec-10-2024,12:00,NN 180,Fixed Duration
MATH,STAT 4660 A,Dec-20-2024,14:00,150,Dec-20-2024,16:30,TB 215,Fixed Duration
MATH,STAT 5504 F,Dec-10-2024,09:00,180,Dec-10-2024,12:00,NN 180,Fixed Duration
MATH,STAT 5509 F,Dec-19-2024,14:00,180,Dec-19-2024,17:00,TB 208,Fixed Duration
MATH,STAT 5600 F,Dec-12-2024,14:00,180,Dec-12-2024,17:00,TB 236,Fixed Duration
NEUR,NEUR 1202 A,Dec-09-2024,14:00,180,Dec-09-2024,17:00,AH,Fixed Duration
NEUR,NEUR 1202 B,Dec-16-2024,14:00,180,Dec-16-2024,17:00,FH,Fixed Duration
NEUR,NEUR 2001 A,Dec-09-2024,09:00,180,Dec-09-2024,12:00,FH,Fixed Duration
NEUR,NEUR 2201 A,Dec-16-2024,22:00,120,Dec-18-2024,10:00,ON LINE,Fixed Within Range
NEUR,NEUR 3001 A,Dec-11-2024,19:00,180,Dec-11-2024,22:00,AH,Fixed Duration
NEUR,NEUR 3206 A,Dec-20-2024,14:00,120,Dec-22-2024,14:00,HS 1301,Fixed Within Range
NEUR,NEUR 3303 A,Dec-12-2024,09:00,120,Dec-14-2024,15:00,ON LINE,Fixed Within Range
NEUR,NEUR 3304 A,Dec-09-2024,14:00,120,Dec-09-2024,16:00,AH,Fixed Duration
NEUR,NEUR 3403 A,Dec-13-2024,14:00,180,Dec-13-2024,17:00,NN 231,Fixed Duration
NEUR,NEUR 3502 A,Dec-09-2024,19:00,180,Dec-09-2024,22:00,AH,Fixed Duration
PADM,PADM 4615 F,Dec-16-2024,11:30,180,Dec-16-2024,14:30,TB 210,Fixed Duration
PADM,PADM 5122 A,Dec-11-2024,17:30,180,Dec-11-2024,20:30,TB 236,Fixed Duration
PADM,PADM 5122 F,Dec-10-2024,11:30,180,Dec-10-2024,14:30,TB 236,Fixed Duration
PADM,PADM 5126 F,Dec-16-2024,11:30,120,Dec-16-2024,13:30,TB 206,Fixed Duration
PADM,PADM 5127 F,Dec-17-2024,11:30,120,Dec-17-2024,13:30,NN 280,Fixed Duration
PADM,PADM 5515 F,Dec-16-2024,11:30,180,Dec-16-2024,14:30,TB 210,Fixed Duration
PADM,PADM 5572 F,Dec-10-2024,17:30,180,Dec-10-2024,20:30,TB 236,Fixed Duration
PHIL,FYSM 1210 A,Dec-13-2024,09:00,180,Dec-13-2024,12:00,TB 236,Fixed Duration
PHIL,PHIL 1550 A,Dec-20-2024,14:00,180,Dec-20-2024,17:00,AH,Fixed Duration
PHIL,PHIL 2001 A,Dec-19-2024,19:00,180,Dec-19-2024,22:00,ON LINE,Fixed Duration
PHIL,PHIL 2001 B,Dec-15-2024,19:00,180,Dec-15-2024,22:00,AH,Fixed Duration
PHIL,PHIL 2340 A,Dec-18-2024,08:30,180,Dec-18-2024,20:00,ON LINE,Fixed Within Range
PHIL,PHIL 2380 A,Dec-11-2024,14:00,180,Dec-11-2024,17:00,FH,Fixed Duration
PHIL,PHIL 2501 A,Dec-13-2024,14:00,120,Dec-13-2024,16:00,AH,Fixed Duration
PHYS,PHYS 1001 A,Dec-10-2024,09:00,180,Dec-10-2024,12:00,AT 301,Fixed Duration
PHYS,PHYS 1003 A,Dec-17-2024,17:00,120,Dec-18-2024,17:00,ON LINE,Fixed Within Range
PHYS,PHYS 1004 A,Dec-16-2024,14:00,180,Dec-16-2024,17:00,AT 102,Fixed Duration
PHYS,PHYS 1007 A,Dec-19-2024,14:00,180,Dec-19-2024,17:00,AH,Fixed Duration
PHYS,PHYS 1007 B,Dec-19-2024,14:00,180,Dec-19-2024,17:00,AH,Fixed Duration
PHYS,PHYS 1901 T,Dec-10-2024,09:00,180,Dec-10-2024,12:00,ON LINE,Fixed Duration
PHYS,PHYS 1905 T,Dec-11-2024,10:00,120,Dec-11-2024,22:00,ON LINE,Fixed Within Range
PHYS,PHYS 2004 A,Dec-11-2024,09:00,180,Dec-11-2024,12:00,FH,Fixed Duration
PHYS,PHYS 2203 A,Dec-12-2024,09:00,180,Dec-12-2024,12:00,TB 206,Fixed Duration
PHYS,PHYS 2401 A,Dec-17-2024,09:00,180,Dec-17-2024,12:00,TB 447,Fixed Duration
PHYS,PHYS 2604 A,Dec-11-2024,09:00,180,Dec-11-2024,12:00,FH,Fixed Duration
PHYS,PHYS 2801 A,Dec-20-2024,14:00,180,Dec-20-2024,17:00,TB 217,Fixed Duration
PHYS,PHYS 3308 A,Dec-13-2024,09:00,180,Dec-13-2024,12:00,TB 340,Fixed Duration
PHYS,PHYS 3701 A,Dec-16-2024,09:00,180,Dec-16-2024,12:00,TB 236,Fixed Duration
PHYS,PHYS 3802 A,Dec-19-2024,14:00,180,Dec-19-2024,17:00,TB 202,Fixed Duration
PHYS,PHYS 4203 A,Dec-18-2024,09:00,180,Dec-18-2024,12:00,TB 236,Fixed Duration
PHYS,PHYS 4707 A,Dec-10-2024,09:00,180,Dec-10-2024,12:00,NN 182,Fixed Duration
PHYS,PHYS 4807 A,Dec-16-2024,14:00,180,Dec-16-2024,17:00,HP 3349,Fixed Duration
PHYS,PHYS 5002 F,Dec-16-2024,14:00,180,Dec-16-2024,17:00,HP 3349,Fixed Duration
PHYS,PHYS 5203 F,Dec-20-2024,14:00,180,Dec-20-2024,17:00,TB 208,Fixed Duration
PHYS,PHYS 5313 F,Dec-18-2024,09:00,180,Dec-18-2024,12:00,TB 236,Fixed Duration
PHYS,PHYS 6701 F,Dec-17-2024,14:00,,Dec-20-2024,14:00,ON LINE,Range
PSCI,GPOL 2500 A,Dec-19-2024,14:00,180,Dec-19-2024,17:00,TB 236,Fixed Duration
PSCI,GPOL 3000 A,Dec-09-2024,09:00,180,Dec-09-2024,12:00,ON LINE,Fixed Duration
PSCI,PSCI 1100 A,Dec-12-2024,09:00,180,Dec-12-2024,12:00,AH,Fixed Duration
PSCI,PSCI 1200 A,Dec-09-2024,14:00,180,Dec-09-2024,17:00,FH,Fixed Duration
PSCI,PSCI 2002 A,Dec-11-2024,14:00,120,Dec-11-2024,16:00,AT 302,Fixed Duration
PSCI,PSCI 2003 A,Dec-15-2024,17:00,,Dec-18-2024,17:00,ON LINE,Range
PSCI,PSCI 2003 B,Dec-15-2024,17:00,,Dec-18-2024,17:00,ON LINE,Range
PSCI,PSCI 2102 A,Dec-20-2024,14:00,150,Dec-20-2024,16:30,AT 101,Fixed Duration
PSCI,PSCI 2602 A,Dec-13-2024,09:00,180,Dec-13-2024,12:00,AT 102,Fixed Duration
PSCI,PSCI 2702 A,Dec-09-2024,09:00,180,Dec-09-2024,12:00,FH,Fixed Duration
PSCI,PSCI 3204 A,Dec-19-2024,09:00,180,Dec-19-2024,12:00,AT 302,Fixed Duration
PSCI,PSCI 3207 A,Dec-13-2024,13:00,120,Dec-14-2024,13:00,ON LINE,Fixed Within Range
PSCI,PSCI 3300 A,Dec-17-2024,14:00,180,Dec-17-2024,17:00,NN 378,Fixed Duration
PSCI,PSCI 3312 A,Dec-16-2024,14:00,180,Dec-16-2024,17:00,TB 238,Fixed Duration
PSCI,PSCI 3410 A,Dec-13-2024,09:00,180,Dec-13-2024,12:00,NN 231,Fixed Duration
PSCI,PSCI 3805 A,Dec-16-2024,09:00,180,Dec-16-2024,12:00,AH,Fixed Duration
PSCI,PSCI 5915 A,Dec-09-2024,14:00,180,Dec-09-2024,17:00,TB 230,Fixed Duration
PSYC,PSYC 1001 A,Dec-17-2024,09:00,90,Dec-17-2024,10:30,AH,Fixed Duration
PSYC,PSYC 1001 B,Dec-17-2024,09:00,90,Dec-17-2024,10:30,AH,Fixed Duration
PSYC,PSYC 1001 C,Dec-17-2024,09:00,180,Dec-17-2024,12:00,FH,Fixed Duration
PSYC,PSYC 1001 D,Dec-17-2024,09:00,180,Dec-17-2024,12:00,FH,Fixed Duration
PSYC,PSYC 1001 E,Dec-19-2024,19:00,120,Dec-19-2024,21:00,FH,Fixed Duration
PSYC,PSYC 1001 F,Dec-17-2024,19:00,120,Dec-17-2024,21:00,AH,Fixed Duration
PSYC,PSYC 1001 G,Dec-20-2024,19:00,120,Dec-20-2024,21:00,AH,Fixed Duration
PSYC,PSYC 1001 K,Dec-17-2024,19:00,120,Dec-17-2024,21:00,AH,Fixed Duration
PSYC,PSYC 1001 M,Dec-15-2024,14:00,120,Dec-15-2024,16:00,AH,Fixed Duration
PSYC,PSYC 1002 D,Dec-17-2024,09:00,180,Dec-17-2024,12:00,FH,Fixed Duration
PSYC,PSYC 1002 L,Dec-15-2024,14:00,180,Dec-15-2024,17:00,NN 231,Fixed Duration
PSYC,PSYC 2001 A,Dec-20-2024,19:00,120,Dec-20-2024,21:00,AH,Fixed Duration
PSYC,PSYC 2001 B,Dec-13-2024,19:00,120,Dec-13-2024,21:00,AH,Fixed Duration
PSYC,PSYC 2001 C,Dec-13-2024,19:00,120,Dec-13-2024,21:00,AH,Fixed Duration
PSYC,PSYC 2001 D,Dec-11-2024,10:00,180,Dec-11-2024,22:00,ON LINE,Fixed Within Range
PSYC,PSYC 2100 A,Dec-11-2024,14:00,180,Dec-11-2024,17:00,FH,Fixed Duration
PSYC,PSYC 2301 A,Dec-14-2024,08:00,120,Dec-14-2024,23:00,ON LINE,Fixed Within Range
PSYC,PSYC 2307 A,Dec-17-2024,09:00,180,Dec-17-2024,12:00,AT 102,Fixed Duration
PSYC,PSYC 2307 B,Dec-17-2024,09:00,120,Dec-17-2024,11:00,AT 101,Fixed Duration
PSYC,PSYC 2400 B,Dec-16-2024,14:00,120,Dec-16-2024,16:00,AH,Fixed Duration
PSYC,PSYC 2500 A,Dec-19-2024,19:00,80,Dec-19-2024,20:20,FH,Fixed Duration
PSYC,PSYC 2500 B,Dec-13-2024,09:00,120,Dec-13-2024,11:00,AH,Fixed Duration
PSYC,PSYC 2600 A,Dec-18-2024,14:00,120,Dec-18-2024,16:00,AH,Fixed Duration
PSYC,PSYC 2700 A,Dec-17-2024,14:00,90,Dec-17-2024,15:30,ON LINE,Fixed Duration
PSYC,PSYC 2700 B,Dec-17-2024,14:00,90,Dec-17-2024,15:30,ON LINE,Fixed Duration
PSYC,PSYC 2801 A,Dec-15-2024,14:00,80,Dec-15-2024,15:20,AH,Fixed Duration
PSYC,PSYC 3301 A,Dec-10-2024,10:00,60,Dec-12-2024,10:00,ON LINE,Fixed Within Range
PSYC,PSYC 3302 A,Dec-09-2024,09:00,90,Dec-09-2024,10:30,NN 231,Fixed Duration
PSYC,PSYC 3402 A,Dec-09-2024,11:00,120,Dec-10-2024,11:00,ON LINE,Fixed Within Range
PSYC,PSYC 3402 B,Dec-13-2024,14:00,180,Dec-13-2024,17:00,AH,Fixed Duration
PSYC,PSYC 3403 A,Dec-17-2024,08:00,120,Dec-17-2024,23:00,ON LINE,Fixed Within Range
PSYC,PSYC 3403 B,Dec-20-2024,14:00,180,Dec-20-2024,17:00,NN 231,Fixed Duration
PSYC,PSYC 3404 A,Dec-16-2024,09:00,120,Dec-16-2024,11:00,AT 301,Fixed Duration
PSYC,PSYC 3505 A,Dec-10-2024,14:00,120,Dec-10-2024,16:00,TB 208,Fixed Duration
PSYC,PSYC 3506 A,Dec-13-2024,10:00,180,Dec-13-2024,22:00,ON LINE,Fixed Within Range
PSYC,PSYC 3508 A,Dec-12-2024,14:00,180,Dec-12-2024,17:00,AT 101,Fixed Duration
PSYC,PSYC 3603 A,Dec-15-2024,09:00,120,Dec-15-2024,11:00,AT 102,Fixed Duration
PSYC,PSYC 3702 A,Dec-20-2024,09:00,180,Dec-20-2024,12:00,AT 301,Fixed Duration
SOAN,ANTH 2850 A,Dec-18-2024,19:00,120,Dec-18-2024,21:00,AT 101,Fixed Duration
SOAN,SOCI 1001 A,Dec-12-2024,14:00,120,Dec-12-2024,16:00,AH,Fixed Duration
SOAN,SOCI 1001 C,Dec-12-2024,19:00,180,Dec-12-2024,22:00,AH,Fixed Duration
SOAN,SOCI 3006 A,Dec-20-2024,14:00,180,Dec-20-2024,17:00,TB 236,Fixed Duration
SOAN,SOCI 3170 A,Dec-18-2024,14:00,120,Dec-18-2024,16:00,TB 206,Fixed Duration
SOAN,SOCI 4702 A,Dec-11-2024,14:00,120,Dec-11-2024,16:00,TB 238,Fixed Duration
SOWK,SOWK 1001 A,Dec-19-2024,09:00,180,Dec-19-2024,12:00,AT 101,Fixed Duration
SOWK,SOWK 2202 A,Dec-13-2024,09:00,180,Dec-13-2024,12:00,TB 210,Fixed Duration
SYST,BIOM 5405 F,Dec-18-2024,14:00,180,Dec-18-2024,17:00,RB 2308,Fixed Duration
SYST,BIOM 5405 F,Dec-18-2024,14:00,180,Dec-18-2024,17:00,RB 2311,Fixed Duration
SYST,ECOR 1041 F,Dec-09-2024,09:00,150,Dec-09-2024,11:30,AH,Fixed Duration
SYST,ECOR 1042 A,Dec-09-2024,09:00,150,Dec-09-2024,11:30,AH,Fixed Duration
SYST,ECOR 1042 B,Dec-09-2024,09:00,150,Dec-09-2024,11:30,AH,Fixed Duration
SYST,EGEN 5206 F,Dec-17-2024,09:00,120,Dec-17-2024,11:00,TB 342,Fixed Duration
SYST,SYSC 2006 A,Dec-10-2024,09:00,180,Dec-10-2024,12:00,FH,Fixed Duration
SYST,SYSC 2006 B,Dec-10-2024,09:00,180,Dec-10-2024,12:00,FH,Fixed Duration
SYST,SYSC 2310 A,Dec-13-2024,14:00,160,Dec-13-2024,16:40,AH,Fixed Duration
SYST,SYSC 2310 B,Dec-13-2024,14:00,160,Dec-13-2024,16:40,AH,Fixed Duration
SYST,SYSC 3006 A,Dec-10-2024,14:00,180,Dec-10-2024,17:00,AT 302,Fixed Duration
SYST,SYSC 3020 A,Dec-10-2024,14:00,180,Dec-10-2024,17:00,AT 102,Fixed Duration
SYST,SYSC 3110 A,Dec-10-2024,14:00,180,Dec-10-2024,17:00,HS 1301,Fixed Duration
SYST,SYSC 3120 A,Dec-18-2024,14:00,180,Dec-18-2024,17:00,AT 101,Fixed Duration
SYST,SYSC 3203 A,Dec-17-2024,09:00,180,Dec-17-2024,12:00,NN 279,Fixed Duration
SYST,SYSC 3310 A,Dec-20-2024,14:00,180,Dec-20-2024,17:00,CB 5105,Fixed Duration
SYST,SYSC 3310 A,Dec-20-2024,14:00,180,Dec-20-2024,17:00,CB 5107,Fixed Duration
SYST,SYSC 3310 A,Dec-20-2024,14:00,180,Dec-20-2024,17:00,CB 5109,Fixed Duration
SYST,SYSC 3310 B,Dec-20-2024,14:00,120,Dec-20-2024,16:00,AH,Fixed Duration
SYST,SYSC 3500 A,Dec-18-2024,14:00,180,Dec-18-2024,17:00,TB 217,Fixed Duration
SYST,SYSC 3600 A,Dec-17-2024,09:00,180,Dec-17-2024,12:00,FH,Fixed Duration
SYST,SYSC 3600 B,Dec-17-2024,09:00,180,Dec-17-2024,12:00,FH,Fixed Duration
SYST,SYSC 3600 C,Dec-17-2024,09:00,180,Dec-17-2024,12:00,FH,Fixed Duration
SYST,SYSC 3610 A,Dec-14-2024,19:00,180,Dec-14-2024,22:00,AT 302,Fixed Duration
SYST,SYSC 4001 A,Dec-09-2024,14:00,180,Dec-09-2024,17:00,FH,Fixed Duration
SYST,SYSC 4101 A,Dec-16-2024,09:00,180,Dec-16-2024,12:00,NN 231,Fixed Duration
SYST,SYSC 4203 A,Dec-09-2024,09:00,180,Dec-09-2024,12:00,NN 282,Fixed Duration
SYST,SYSC 4310 A,Dec-11-2024,09:00,180,Dec-11-2024,12:00,CB 5019,Fixed Duration
SYST,SYSC 4310 A,Dec-11-2024,09:00,180,Dec-11-2024,12:00,CB 5105,Fixed Duration
SYST,SYSC 4405 A,Dec-16-2024,09:00,180,Dec-16-2024,12:00,AH,Fixed Duration
SYST,SYSC 4505 A,Dec-17-2024,09:00,180,Dec-17-2024,12:00,AH,Fixed Duration
SYST,SYSC 4602 A,Dec-19-2024,14:00,180,Dec-19-2024,17:00,FH,Fixed Duration
SYST,SYSC 4604 A,Dec-13-2024,14:00,180,Dec-13-2024,17:00,NN 279,Fixed Duration
SYST,SYSC 4806 A,Dec-13-2024,19:00,120,Dec-13-2024,21:00,NN 231,Fixed Duration
SYST,SYSC 4810 A,Dec-18-2024,14:00,150,Dec-18-2024,16:30,FH,Fixed Duration
SYST,SYSC 4810 B,Dec-18-2024,14:00,120,Dec-18-2024,16:00,NI 4010,Fixed Duration
SYST,SYSC 5105 F,Dec-16-2024,09:00,180,Dec-16-2024,12:00,NN 231,Fixed Duration
SYST,SYSC 5405 F,Dec-18-2024,14:00,180,Dec-18-2024,17:00,RB 2308,Fixed Duration
SYST,SYSC 5405 F,Dec-18-2024,14:00,180,Dec-18-2024,17:00,RB 2311,Fixed Duration
SYST,SYSC 5503 F,Dec-16-2024,09:00,180,Dec-16-2024,12:00,TB 204,Fixed Duration
SYST,SYSC 5703 F,Dec-11-2024,14:00,120,Dec-11-2024,16:00,TB 215,Fixed Duration
SYST,SYSC 5809 F,Dec-11-2024,14:00,120,Dec-11-2024,16:00,TB 210,Fixed Duration
TSE,TSES 2305 A,Dec-09-2024,10:00,70,Dec-21-2024,17:00,ON LINE,Fixed Within Range
TSE,TSES 2305 B,Dec-09-2024,10:00,70,Dec-21-2024,17:00,ON LINE,Fixed Within Range
TSE,TSES 3001 A,Dec-13-2024,14:00,150,Dec-13-2024,16:30,TB 340,Fixed Duration
TSE,TSES 4001 A,Dec-15-2024,09:00,150,Dec-15-2024,11:30,TB 238,Fixed Duration
TSE,TSES 4007 A,Dec-15-2024,14:00,120,Dec-15-2024,16:00,TB 202,Fixed Duration